ts,open,high,low,close,volume
1783752120000,64185.0,64185.1,64180.0,64180.1,8.7556
1783752180000,64180.0,64180.1,64180.0,64180.0,1.9019
1783752240000,64180.1,64180.1,64179.6,64179.7,3.6461
1783752300000,64179.6,64179.7,64170.0,64179.7,18.9713
1783752360000,64179.7,64190.4,64179.6,64190.3,8.3897
1783752420000,64190.3,64206.3,64190.3,64206.3,4.3936
1783752480000,64206.3,64213.0,64197.0,64204.7,9.7013
1783752540000,64204.6,64204.7,64167.4,64170.7,46.3423
1783752600000,64170.7,64183.9,64170.7,64175.5,9.9702
1783752660000,64175.5,64175.6,64163.9,64163.9,4.9889
1783752720000,64163.9,64164.0,64161.2,64161.4,6.564
1783752780000,64161.4,64165.5,64161.4,64165.5,3.7071
1783752840000,64165.4,64219.9,64165.4,64198.4,113.0875
1783752900000,64198.4,64198.4,64187.9,64187.9,4.6951
1783752960000,64188.0,64188.0,64185.6,64185.6,2.8849
1783753020000,64185.7,64189.6,64185.6,64189.5,1.8724
1783753080000,64189.6,64189.6,64189.5,64189.6,1.7617
1783753140000,64189.6,64189.6,64183.9,64183.9,2.173
1783753200000,64183.9,64189.5,64170.0,64170.1,83.9759
1783753260000,64170.0,64187.8,64170.0,64187.8,4.2142
1783753320000,64187.8,64191.2,64187.7,64191.2,24.6494
1783753380000,64191.2,64191.2,64191.1,64191.2,2.4903
1783753440000,64191.2,64191.2,64172.8,64172.8,15.4967
1783753500000,64172.9,64172.9,64163.6,64163.7,3.2833
1783753560000,64163.6,64163.7,64161.2,64163.2,3.8545
1783753620000,64163.2,64163.2,64145.5,64145.5,15.5573
1783753680000,64145.5,64145.6,64145.5,64145.5,3.2328
1783753740000,64145.5,64171.1,64135.0,64171.0,69.7116
1783753800000,64171.1,64176.7,64167.2,64167.2,15.2785
1783753860000,64167.3,64180.0,64167.2,64176.6,7.1495
1783753920000,64176.7,64176.7,64176.6,64176.6,2.2958
1783753980000,64176.7,64179.0,64168.5,64179.0,12.3583
1783754040000,64178.9,64179.0,64178.9,64178.9,6.2725
1783754100000,64179.0,64186.8,64178.9,64186.7,13.1785
1783754160000,64186.8,64189.7,64171.2,64171.3,17.5582
1783754220000,64171.2,64171.3,64159.5,64159.8,4.1454
1783754280000,64159.9,64170.1,64159.9,64170.0,6.5161
1783754340000,64170.0,64188.6,64170.0,64188.6,5.9544
1783754400000,64188.6,64197.9,64188.5,64188.8,15.9292
1783754460000,64188.7,64188.8,64173.6,64173.6,2.9253
1783754520000,64173.7,64180.7,64173.6,64180.6,2.5229
1783754580000,64180.7,64184.1,64180.6,64184.1,3.3808
1783754640000,64184.1,64184.1,64184.0,64184.1,1.5842
1783754700000,64184.1,64191.9,64184.0,64191.9,4.7093
1783754760000,64191.9,64210.4,64191.9,64206.4,9.9059
1783754820000,64206.3,64206.3,64193.8,64196.1,7.177
1783754880000,64196.1,64223.3,64196.0,64223.3,12.0539
1783754940000,64223.4,64225.0,64180.7,64186.7,108.7007
1783755000000,64186.6,64203.9,64186.6,64203.8,9.2415
1783755060000,64203.8,64203.8,64199.7,64199.8,4.3592
1783755120000,64199.8,64199.8,64199.7,64199.8,2.5383
1783755180000,64199.8,64199.8,64199.7,64199.7,10.7521
1783755240000,64199.8,64199.8,64160.2,64160.2,53.4352
1783755300000,64160.3,64170.5,64160.3,64167.1,19.4194
1783755360000,64167.1,64170.0,64167.0,64170.0,2.4889
1783755420000,64170.0,64170.0,64169.9,64170.0,3.4228
1783755480000,64170.0,64183.6,64169.9,64183.6,9.5198
1783755540000,64183.6,64183.6,64183.5,64183.5,4.2641
1783755600000,64183.6,64193.5,64183.5,64193.5,7.5734
1783755660000,64193.5,64199.0,64193.4,64199.0,6.9115
1783755720000,64199.0,64200.0,64166.2,64166.3,70.2055
1783755780000,64166.3,64166.3,64157.3,64157.4,7.2991
1783755840000,64157.4,64157.4,64141.9,64141.9,13.0833
1783755900000,64142.0,64142.0,64130.8,64130.9,18.3189
1783755960000,64130.9,64143.3,64130.7,64135.9,34.1085
1783756020000,64135.9,64139.3,64132.7,64139.3,7.4182
1783756080000,64139.3,64139.3,64139.2,64139.2,2.1083
1783756140000,64139.2,64149.5,64139.2,64149.4,5.9938
1783756200000,64149.5,64149.5,64131.3,64131.4,10.8061
1783756260000,64131.4,64131.4,64131.3,64131.4,3.9824
1783756320000,64131.3,64137.5,64131.3,64137.5,8.8668
1783756380000,64137.4,64137.5,64131.3,64131.4,8.58
1783756440000,64131.3,64131.4,64120.9,64121.0,20.3058
1783756500000,64120.9,64123.1,64120.9,64123.0,18.3057
1783756560000,64123.0,64131.2,64123.0,64131.1,4.0273
1783756620000,64131.2,64136.9,64131.1,64136.6,9.8935
1783756680000,64136.7,64140.3,64136.6,64140.3,4.7786
1783756740000,64140.3,64140.3,64132.3,64132.4,7.8189
1783756800000,64132.4,64132.4,64129.1,64132.0,7.5233
1783756860000,64132.0,64132.1,64132.0,64132.1,3.7996
1783756920000,64132.1,64132.1,64122.1,64122.2,3.2206
1783756980000,64122.2,64154.4,64122.2,64140.0,22.7024
1783757040000,64140.1,64140.1,64131.8,64133.6,25.1002
1783757100000,64133.7,64137.8,64133.6,64137.7,1.9607
1783757160000,64137.7,64141.2,64132.0,64132.1,12.918
1783757220000,64132.1,64132.1,64132.0,64132.0,1.4964
1783757280000,64132.1,64160.1,64132.0,64156.3,19.1613
1783757340000,64156.3,64156.3,64156.0,64156.0,3.18
1783757400000,64156.0,64218.4,64156.0,64211.5,147.6349
1783757460000,64211.5,64218.2,64206.0,64218.1,28.3808
1783757520000,64218.1,64218.2,64210.9,64217.7,20.3016
1783757580000,64217.6,64217.7,64211.2,64215.0,13.1328
1783757640000,64215.0,64217.5,64204.7,64204.7,12.8788
1783757700000,64204.7,64212.8,64204.0,64210.1,5.7254
1783757760000,64210.0,64210.1,64199.5,64199.6,9.3313
1783757820000,64199.5,64206.1,64197.8,64206.0,6.3008
1783757880000,64206.1,64214.4,64201.4,64211.0,9.2695
1783757940000,64211.0,64218.4,64210.9,64218.3,5.4956
1783758000000,64218.4,64240.8,64218.3,64233.6,48.156
1783758060000,64233.6,64233.6,64216.4,64223.3,9.7478
1783758120000,64223.4,64223.4,64219.6,64220.9,4.8519
1783758180000,64220.9,64224.6,64220.9,64224.6,12.4754
1783758240000,64224.6,64224.6,64221.0,64224.1,7.4303
1783758300000,64224.0,64230.0,64224.0,64227.2,8.4271
1783758360000,64227.1,64227.2,64221.2,64221.3,8.2965
1783758420000,64221.3,64222.0,64221.0,64221.0,5.8439
1783758480000,64221.1,64221.1,64221.0,64221.0,2.3659
1783758540000,64221.1,64222.0,64220.9,64221.0,6.3871
1783758600000,64220.9,64221.0,64220.9,64220.9,2.0194
1783758660000,64221.0,64221.0,64210.0,64210.0,25.5685
1783758720000,64210.0,64218.3,64208.2,64218.2,4.6273
1783758780000,64218.3,64225.7,64218.2,64225.6,7.9651
1783758840000,64225.6,64225.7,64225.6,64225.7,5.0556
1783758900000,64225.7,64233.4,64225.6,64233.3,5.4642
1783758960000,64233.4,64233.4,64220.5,64229.6,5.9206
1783759020000,64229.7,64236.1,64229.6,64233.3,28.5588
1783759080000,64233.3,64233.4,64223.2,64223.2,7.2792
1783759140000,64223.2,64223.3,64223.2,64223.2,3.2012
1783759200000,64223.2,64277.0,64223.2,64274.3,87.6929
1783759260000,64274.3,64274.4,64249.1,64258.5,32.4275
1783759320000,64258.5,64260.0,64235.7,64241.7,14.3628
1783759380000,64241.7,64262.8,64241.6,64262.8,9.9882
1783759440000,64262.8,64262.8,64253.9,64253.9,8.6087
1783759500000,64253.9,64253.9,64253.8,64253.8,4.5114
1783759560000,64253.8,64253.9,64234.9,64234.9,12.4629
1783759620000,64234.9,64235.0,64230.4,64230.4,4.9564
1783759680000,64230.4,64230.5,64230.4,64230.4,6.4455
1783759740000,64230.5,64230.5,64215.0,64215.0,9.9407
1783759800000,64215.0,64215.1,64200.7,64204.5,11.4031
1783759860000,64204.5,64204.7,64204.5,64204.7,4.5681
1783759920000,64204.7,64204.7,64204.6,64204.6,3.2003
1783759980000,64204.6,64215.0,64204.6,64214.9,11.8296
1783760040000,64215.0,64232.0,64214.9,64227.6,13.3145
1783760100000,64227.6,64235.0,64225.6,64225.8,19.5886
1783760160000,64225.9,64235.2,64225.8,64228.5,5.6652
1783760220000,64228.6,64228.6,64228.5,64228.5,2.1105
1783760280000,64228.5,64228.6,64228.5,64228.5,3.1337
1783760340000,64228.6,64240.0,64228.5,64239.9,5.3511
1783760400000,64239.9,64239.9,64233.4,64236.6,17.7679
1783760460000,64236.6,64236.7,64228.6,64228.6,5.1835
1783760520000,64228.6,64238.7,64228.6,64238.7,3.5785
1783760580000,64238.7,64250.0,64238.7,64246.3,9.1853
1783760640000,64246.2,64246.3,64243.7,64243.7,2.5816
1783760700000,64243.7,64243.7,64241.4,64241.4,2.1579
1783760760000,64241.4,64241.5,64239.4,64239.4,5.4857
1783760820000,64239.5,64239.5,64231.9,64231.9,3.545
1783760880000,64231.9,64232.0,64220.6,64220.7,5.6302
1783760940000,64220.6,64230.7,64216.9,64225.7,12.4135
1783761000000,64225.6,64230.6,64223.1,64230.6,7.8262
1783761060000,64230.6,64230.6,64214.9,64214.9,14.1045
1783761120000,64214.9,64215.0,64206.5,64206.5,6.0678
1783761180000,64206.5,64206.5,64192.9,64192.9,12.4308
1783761240000,64192.9,64193.0,64183.7,64189.0,9.3942
1783761300000,64188.9,64213.1,64188.9,64213.0,24.0569
1783761360000,64213.1,64216.4,64213.0,64216.3,4.3139
1783761420000,64216.4,64216.4,64216.3,64216.4,1.0937
1783761480000,64216.4,64221.9,64216.0,64216.0,2.5084
1783761540000,64216.0,64216.1,64208.3,64208.3,1.8404
1783761600000,64208.4,64208.4,64208.3,64208.4,1.8903
1783761660000,64208.3,64208.4,64202.2,64202.2,9.9937
1783761720000,64202.2,64210.0,64202.2,64209.9,6.2711
1783761780000,64209.9,64222.0,64209.9,64221.9,4.0037
1783761840000,64221.9,64231.7,64221.9,64231.6,12.7897
1783761900000,64231.7,64231.7,64231.6,64231.6,1.4717
1783761960000,64231.7,64243.7,64231.6,64232.8,30.7732
1783762020000,64232.9,64232.9,64232.8,64232.8,6.1108
1783762080000,64232.9,64232.9,64232.8,64232.9,1.8905
1783762140000,64232.9,64247.3,64232.8,64247.3,40.5179
1783762200000,64247.4,64253.0,64247.3,64252.9,9.6458
1783762260000,64252.9,64270.0,64252.9,64269.9,38.5826
1783762320000,64269.9,64270.0,64232.8,64232.8,44.5865
1783762380000,64232.8,64232.9,64226.5,64226.6,16.1098
1783762440000,64226.5,64226.6,64189.3,64201.1,45.4918
1783762500000,64201.1,64209.7,64201.0,64205.3,7.3718
1783762560000,64205.4,64216.2,64205.3,64216.1,3.0751
1783762620000,64216.2,64234.7,64216.1,64234.7,16.4838
1783762680000,64234.8,64234.8,64234.7,64234.7,2.9262
1783762740000,64234.7,64254.9,64234.7,64248.5,25.4786
1783762800000,64248.6,64249.0,64207.2,64207.2,48.8221
1783762860000,64206.9,64215.2,64191.9,64200.0,26.144
1783762920000,64200.1,64200.1,64200.0,64200.0,4.6387
1783762980000,64200.0,64200.1,64200.0,64200.1,4.6297
1783763040000,64200.1,64200.1,64170.0,64170.0,33.8042
1783763100000,64170.0,64170.0,64152.3,64153.7,24.1958
1783763160000,64153.7,64157.3,64140.3,64155.1,43.7638
1783763220000,64155.2,64160.6,64144.5,64144.5,49.837
1783763280000,64144.6,64144.6,64141.3,64144.0,13.6895
1783763340000,64144.0,64148.0,64144.0,64146.1,13.3159
1783763400000,64146.1,64155.0,64146.0,64155.0,11.4395
1783763460000,64155.0,64155.0,64141.8,64145.1,16.2117
1783763520000,64145.1,64155.0,64137.7,64137.7,37.0453
1783763580000,64137.8,64149.5,64137.7,64149.4,5.8596
1783763640000,64149.4,64149.5,64128.1,64128.7,27.3848
1783763700000,64128.6,64155.0,64128.6,64151.2,27.3433
1783763760000,64151.3,64155.0,64151.2,64151.3,20.9986
1783763820000,64151.2,64151.3,64143.1,64143.1,8.8929
1783763880000,64143.1,64143.4,64130.3,64140.0,12.8682
1783763940000,64140.0,64140.1,64130.0,64138.0,10.7884
1783764000000,64138.1,64147.4,64138.1,64138.9,13.4309
1783764060000,64138.9,64140.0,64138.8,64139.9,4.5774
1783764120000,64140.0,64144.8,64131.6,64144.8,19.3952
1783764180000,64144.8,64155.4,64144.7,64155.4,9.0194
1783764240000,64155.4,64161.2,64139.0,64139.1,25.7249
1783764300000,64139.1,64139.1,64132.5,64135.0,12.7868
1783764360000,64135.0,64140.0,64134.9,64140.0,4.2799
1783764420000,64140.0,64140.0,64139.9,64140.0,4.2051
1783764480000,64140.0,64141.0,64139.9,64140.9,3.433
1783764540000,64141.0,64145.6,64140.9,64145.5,4.2803
1783764600000,64145.6,64155.0,64145.6,64153.0,7.2195
1783764660000,64153.1,64153.1,64149.0,64149.1,2.6274
1783764720000,64149.1,64149.3,64145.9,64149.2,7.1211
1783764780000,64149.2,64165.9,64149.2,64165.8,8.7421
1783764840000,64165.8,64183.0,64165.8,64179.2,24.6532
1783764900000,64179.3,64179.3,64150.0,64150.0,8.5517
1783764960000,64150.1,64150.1,64134.0,64134.0,5.8541
1783765020000,64134.0,64134.1,64134.0,64134.0,2.4934
1783765080000,64134.0,64134.1,64130.0,64130.0,8.6966
1783765140000,64130.1,64134.1,64121.5,64121.5,24.9231
1783765200000,64121.5,64131.5,64121.5,64131.4,22.4562
1783765260000,64131.4,64133.7,64131.4,64133.7,3.6168
1783765320000,64133.7,64138.9,64133.7,64138.8,13.5429
1783765380000,64138.9,64145.7,64138.8,64145.7,3.3707
1783765440000,64145.8,64151.3,64145.7,64151.2,3.5492
1783765500000,64151.3,64159.4,64151.3,64156.6,4.5437
1783765560000,64156.6,64156.7,64133.8,64133.9,17.5582
1783765620000,64133.9,64134.5,64133.8,64134.5,14.459
1783765680000,64134.5,64136.4,64128.0,64136.3,25.2733
1783765740000,64136.3,64161.9,64136.3,64161.8,23.5877
1783765800000,64161.9,64161.9,64150.0,64150.0,5.0095
1783765860000,64150.0,64150.1,64130.0,64130.4,69.5745
1783765920000,64130.4,64133.2,64128.0,64129.9,9.8527
1783765980000,64130.0,64130.0,64129.9,64129.9,2.2864
1783766040000,64130.0,64144.8,64129.9,64144.8,3.2461
1783766100000,64144.7,64144.8,64141.2,64141.3,2.5715
1783766160000,64141.2,64141.3,64136.7,64141.2,6.4044
1783766220000,64141.3,64144.0,64136.0,64136.1,1.0533
1783766280000,64136.0,64136.1,64111.0,64111.0,26.0823
1783766340000,64111.1,64115.5,64111.0,64115.5,8.105
1783766400000,64115.5,64121.8,64115.4,64121.7,3.7192
1783766460000,64121.8,64137.9,64121.7,64129.2,56.5699
1783766520000,64129.3,64140.0,64129.2,64140.0,18.4843
1783766580000,64139.9,64149.9,64139.9,64149.9,10.408
1783766640000,64150.0,64160.0,64118.2,64118.2,60.3378
1783766700000,64118.2,64138.5,64118.1,64138.5,19.3672
1783766760000,64138.4,64154.3,64138.4,64154.3,4.4764
1783766820000,64154.3,64165.0,64154.2,64164.9,6.9959
1783766880000,64165.0,64165.0,64160.0,64160.0,6.9921
1783766940000,64160.1,64162.4,64160.0,64160.1,5.0712
1783767000000,64160.0,64160.1,64156.8,64156.9,3.1444
1783767060000,64156.8,64165.0,64156.8,64159.4,5.3144
1783767120000,64159.4,64159.5,64154.2,64154.3,2.4617
1783767180000,64154.2,64160.0,64154.2,64160.0,6.1735
1783767240000,64160.0,64166.2,64154.2,64160.9,11.4197
1783767300000,64160.9,64160.9,64154.0,64154.1,1.7311
1783767360000,64154.1,64160.9,64154.0,64158.8,5.2931
1783767420000,64158.8,64160.8,64158.8,64160.8,20.4762
1783767480000,64160.8,64160.8,64160.7,64160.8,7.9284
1783767540000,64160.7,64174.1,64160.7,64174.1,23.153
1783767600000,64174.3,64178.5,64158.8,64158.8,100.945
1783767660000,64158.9,64158.9,64158.8,64158.8,5.1856
1783767720000,64158.8,64158.9,64150.0,64150.1,3.3767
1783767780000,64150.1,64164.5,64150.0,64164.5,13.5634
1783767840000,64164.6,64164.6,64164.5,64164.6,1.0968
1783767900000,64164.5,64165.0,64164.5,64164.9,4.9146
1783767960000,64164.9,64190.1,64164.9,64190.0,37.5897
1783768020000,64190.0,64192.6,64189.9,64192.5,10.5668
1783768080000,64192.6,64192.6,64151.0,64163.9,11.0804
1783768140000,64163.8,64175.0,64158.8,64174.9,20.2369
1783768200000,64175.0,64175.0,64174.9,64175.0,0.6911
1783768260000,64174.9,64177.1,64174.9,64177.0,1.3289
1783768320000,64177.1,64192.6,64177.0,64192.5,13.0988
1783768380000,64192.5,64192.6,64163.6,64163.7,19.9366
1783768440000,64163.7,64192.1,64162.5,64192.1,56.5612
1783768500000,64192.0,64194.7,64166.1,64166.1,17.4838
1783768560000,64166.2,64166.2,64162.8,64162.8,2.9383
1783768620000,64162.8,64162.9,64150.0,64150.0,6.6483
1783768680000,64150.0,64153.7,64150.0,64153.6,6.7821
1783768740000,64153.6,64153.7,64153.6,64153.6,2.7315
1783768800000,64153.7,64153.7,64153.6,64153.6,1.9651
1783768860000,64153.7,64153.7,64153.6,64153.7,0.3665
1783768920000,64153.7,64162.5,64153.6,64162.5,3.9389
1783768980000,64162.5,64162.5,64162.4,64162.4,1.267
1783769040000,64162.5,64169.5,64144.5,64148.0,28.3317
1783769100000,64148.0,64158.8,64148.0,64158.7,4.9178
1783769160000,64158.7,64158.7,64152.4,64152.5,1.3533
1783769220000,64152.4,64152.5,64152.4,64152.5,2.3212
1783769280000,64152.4,64152.5,64152.4,64152.5,0.9744
1783769340000,64152.5,64156.8,64152.4,64156.8,4.5422
1783769400000,64156.7,64156.8,64156.7,64156.7,3.1792
1783769460000,64156.8,64156.8,64148.2,64148.3,5.1988
1783769520000,64148.3,64148.3,64148.2,64148.3,74.8961
1783769580000,64148.2,64148.3,64148.2,64148.3,2.8342
1783769640000,64148.3,64148.3,64147.8,64148.2,7.9995
1783769700000,64148.3,64182.1,64148.3,64182.1,16.5236
1783769760000,64182.1,64194.5,64182.0,64194.5,19.5365
1783769820000,64194.4,64194.5,64161.9,64161.9,16.1585
1783769880000,64162.0,64168.2,64161.9,64168.1,10.9689
1783769940000,64168.2,64168.2,64150.7,64157.6,10.4621
1783770000000,64157.6,64161.5,64157.5,64161.4,2.4523
1783770060000,64161.5,64161.5,64161.5,64161.5,0.2152
