ts,best_bid,best_ask,mid,spread_pct,bid_usd,ask_usd,imbalance,microprice,bids_json,asks_json
1783785182200,1810.28,1810.29,1810.2849999999999,0.0005523992078590336,2786835.6771,9936663.5255,-0.5619387980107673,1810.282154674469,"[[1810.28, 1307.84], [1810.26, 0.01], [1810.25, 11.0], [1810.24, 0.06], [1810.23, 10.2], [1810.22, 92.09], [1810.21, 0.05], [1810.2, 11.01], [1810.19, 0.06], [1810.18, 107.14]]","[[1810.29, 4761.94], [1810.3, 0.01], [1810.32, 0.04], [1810.33, 0.03], [1810.34, 8.32], [1810.35, 299.02], [1810.36, 107.64], [1810.37, 1.05], [1810.38, 294.24], [1810.39, 16.67]]"
1783785184900,1810.28,1810.29,1810.2849999999999,0.0005523992078590336,2259428.9648,7219048.400199999,-0.5232506492776754,1810.2822529986315,"[[1810.28, 1025.77], [1810.26, 0.01], [1810.25, 0.21], [1810.24, 1.58], [1810.23, 10.2], [1810.22, 92.09], [1810.21, 0.05], [1810.2, 11.01], [1810.19, 0.06], [1810.18, 107.14]]","[[1810.29, 3527.14], [1810.3, 10.8], [1810.31, 8.29], [1810.32, 0.04], [1810.33, 0.03], [1810.34, 0.04], [1810.35, 307.31], [1810.36, 120.04], [1810.37, 13.99], [1810.38, 0.09]]"
1783785187650,1810.6,1810.61,1810.605,0.0005523015787535605,9536194.854899999,1921911.4308,0.6645324484031723,1810.607896563474,"[[1810.6, 3754.2], [1810.59, 9.01], [1810.58, 159.28], [1810.57, 4.3], [1810.56, 0.04], [1810.55, 17.73], [1810.54, 16.89], [1810.53, 513.24], [1810.52, 393.15], [1810.51, 399.09]]","[[1810.61, 1000.02], [1810.62, 0.46], [1810.63, 0.01], [1810.64, 19.29], [1810.65, 21.77], [1810.66, 0.03], [1810.67, 0.03], [1810.68, 0.35], [1810.69, 0.39], [1810.7, 19.12]]"
1783785190500,1810.6,1810.61,1810.605,0.0005523015787535605,8186773.910599999,721587.8029,0.8379976417422558,1810.6090675413807,"[[1810.6, 3022.81], [1810.59, 0.01], [1810.58, 159.28], [1810.57, 21.4], [1810.56, 0.04], [1810.55, 10.82], [1810.54, 16.89], [1810.53, 513.24], [1810.52, 378.06], [1810.51, 399.09]]","[[1810.61, 310.85], [1810.62, 0.46], [1810.64, 20.1], [1810.65, 21.77], [1810.66, 1.55], [1810.67, 8.32], [1810.68, 0.35], [1810.69, 0.09], [1810.7, 19.12], [1810.71, 15.92]]"
1783785193350,1810.81,1810.82,1810.815,0.0005522375284052155,4517514.4551,3184770.066,0.17303234974623663,1810.8172637209657,"[[1810.81, 1789.73], [1810.8, 10.98], [1810.79, 221.88], [1810.78, 0.03], [1810.77, 0.03], [1810.76, 0.06], [1810.75, 112.96], [1810.74, 11.69], [1810.73, 340.67], [1810.72, 6.74]]","[[1810.82, 674.2], [1810.83, 0.14], [1810.84, 6.29], [1810.85, 81.7], [1810.86, 120.03], [1810.87, 0.03], [1810.88, 0.04], [1810.89, 133.38], [1810.9, 264.8], [1810.91, 478.09]]"
1783785196150,1810.95,1810.96,1810.955,0.0005521948364255823,3051630.5152000003,3383783.2854000004,-0.051613273130786425,1810.9552283078287,"[[1810.95, 1651.91], [1810.94, 0.01], [1810.93, 1.01], [1810.92, 19.13], [1810.91, 0.03], [1810.9, 10.85], [1810.89, 0.04], [1810.88, 0.04], [1810.87, 0.05], [1810.86, 2.03]]","[[1810.96, 1507.64], [1810.98, 7.61], [1810.99, 87.63], [1811.0, 51.83], [1811.01, 0.03], [1811.02, 0.04], [1811.03, 76.99], [1811.04, 0.05], [1811.05, 128.35], [1811.06, 8.32]]"
1783785198850,1811.06,1811.07,1811.065,0.000552161297357682,5474979.5587,2436167.5777,0.3841177428009289,1811.0686278967394,"[[1811.06, 2626.28], [1811.05, 10.8], [1811.04, 0.02], [1811.03, 220.51], [1811.02, 0.03], [1811.01, 0.03], [1811.0, 110.82], [1810.99, 17.86], [1810.98, 11.57], [1810.97, 25.17]]","[[1811.07, 417.66], [1811.08, 10.02], [1811.09, 140.12], [1811.1, 101.28], [1811.11, 0.33], [1811.12, 68.51], [1811.13, 0.04], [1811.14, 63.09], [1811.15, 166.54], [1811.16, 377.53]]"
1783785204600,1811.26,1811.27,1811.2649999999999,0.0005521003276710425,7705456.305,2173712.6040999996,0.5599401884711723,1811.268512494763,"[[1811.26, 3637.04], [1811.25, 130.63], [1811.23, 0.03], [1811.22, 0.03], [1811.21, 100.03], [1811.2, 10.84], [1811.19, 0.04], [1811.18, 115.42], [1811.17, 0.05], [1811.16, 260.11]]","[[1811.27, 635.55], [1811.28, 103.71], [1811.29, 1.04], [1811.3, 198.48], [1811.31, 0.04], [1811.32, 9.33], [1811.33, 102.3], [1811.34, 0.05], [1811.35, 149.52], [1811.36, 0.07]]"
1783785207400,1811.29,1811.3,1811.295,0.0005520911833793449,5138304.483399999,1513329.1147,0.5449752027434964,1811.29782676723,"[[1811.29, 2591.2], [1811.28, 0.01], [1811.27, 1.06], [1811.26, 17.62], [1811.25, 10.82], [1811.24, 0.03], [1811.23, 0.03], [1811.22, 105.19], [1811.21, 100.03], [1811.2, 10.84]]","[[1811.3, 719.49], [1811.31, 0.01], [1811.32, 9.32], [1811.33, 3.4], [1811.34, 8.33], [1811.35, 67.95], [1811.36, 0.07], [1811.37, 18.38], [1811.38, 0.09], [1811.39, 8.45]]"
1783785210200,1811.49,1811.5,1811.495,0.0005520302291748476,7298695.6675,1991855.1766,0.5712083793470792,1811.4978033442756,"[[1811.49, 3748.75], [1811.48, 0.03], [1811.47, 34.07], [1811.46, 73.02], [1811.45, 19.11], [1811.44, 0.04], [1811.43, 0.04], [1811.42, 120.81], [1811.41, 16.9], [1811.4, 16.35]]","[[1811.5, 1055.28], [1811.51, 0.06], [1811.52, 0.85], [1811.53, 0.11], [1811.54, 0.64], [1811.55, 40.36], [1811.56, 0.43], [1811.57, 0.08], [1811.58, 1.68], [1811.59, 0.07]]"
1783785212900,1811.49,1811.5,1811.495,0.0005520302291748476,7093360.3211,283393.4346,0.9231658141276513,1811.4997064788868,"[[1811.49, 3661.08], [1811.48, 0.03], [1811.46, 34.93], [1811.45, 10.82], [1811.44, 8.33], [1811.43, 0.04], [1811.42, 112.52], [1811.41, 26.93], [1811.4, 16.35], [1811.39, 44.74]]","[[1811.5, 110.71], [1811.51, 0.06], [1811.52, 0.82], [1811.53, 0.08], [1811.54, 0.61], [1811.55, 40.33], [1811.56, 0.4], [1811.57, 0.08], [1811.58, 1.68], [1811.59, 1.67]]"
1783785216650,1811.0,1811.01,1811.005,0.0005521795908896388,2803923.2644999996,10216249.6427,-0.5692955409294966,1811.001295676856,"[[1811.0, 593.42], [1810.99, 39.2], [1810.98, 0.19], [1810.97, 0.03], [1810.96, 14.9], [1810.95, 800.06], [1810.94, 0.13], [1810.93, 100.05], [1810.92, 0.03], [1810.91, 0.29]]","[[1811.01, 3986.58], [1811.02, 209.01], [1811.03, 121.0], [1811.04, 60.98], [1811.05, 107.25], [1811.06, 222.84], [1811.07, 244.6], [1811.08, 421.53], [1811.09, 132.48], [1811.1, 134.87]]"
1783785219350,1811.0,1811.01,1811.005,0.0005521795908896388,7522610.7288,10625477.9892,-0.17097487832547636,1811.0046091254885,"[[1811.0, 3203.84], [1810.99, 39.21], [1810.98, 0.18], [1810.97, 0.03], [1810.96, 10.06], [1810.95, 800.06], [1810.94, 0.12], [1810.93, 100.05], [1810.92, 0.03], [1810.91, 0.29]]","[[1811.01, 3747.24], [1811.02, 367.41], [1811.03, 121.0], [1811.04, 60.98], [1811.05, 107.25], [1811.06, 755.22], [1811.07, 233.87], [1811.08, 206.76], [1811.09, 132.5], [1811.1, 134.87]]"
1783785222050,1811.28,1811.29,1811.2849999999999,0.0005520942314429206,7170091.1036,3554428.8044999996,0.33713978155508556,1811.2858537566806,"[[1811.28, 2633.09], [1811.26, 0.01], [1811.25, 66.62], [1811.24, 0.03], [1811.23, 0.03], [1811.22, 430.48], [1811.21, 196.96], [1811.2, 425.77], [1811.19, 0.03], [1811.18, 205.61]]","[[1811.29, 1865.03], [1811.3, 10.79], [1811.32, 0.03], [1811.33, 0.03], [1811.34, 0.06], [1811.35, 10.82], [1811.36, 0.1], [1811.37, 8.34], [1811.38, 50.62], [1811.39, 16.55]]"
1783785224800,1811.34,1811.35,1811.3449999999998,0.0005520759435662949,5503013.5489,384568.4970999999,0.8693628406040559,1811.3492827764883,"[[1811.34, 2579.73], [1811.33, 100.87], [1811.32, 4.3], [1811.31, 179.17], [1811.3, 11.28], [1811.29, 17.84], [1811.28, 8.85], [1811.27, 100.04], [1811.26, 8.35], [1811.25, 27.67]]","[[1811.35, 199.32], [1811.36, 0.04], [1811.37, 0.01], [1811.38, 0.03], [1811.39, 0.03], [1811.4, 0.04], [1811.41, 12.69], [1811.42, 0.03], [1811.43, 0.04], [1811.44, 0.08]]"
1783785227550,1811.35,1811.36,1811.355,0.0005520728957046468,3533930.3222000003,9962272.397699999,-0.47630746284075004,1811.3526132733773,"[[1811.35, 1671.4], [1811.33, 0.01], [1811.31, 179.18], [1811.3, 11.28], [1811.29, 77.03], [1811.28, 1.15], [1811.27, 0.03], [1811.26, 0.06], [1811.25, 10.83], [1811.24, 0.03]]","[[1811.36, 4724.41], [1811.37, 5.74], [1811.39, 0.03], [1811.4, 19.11], [1811.41, 0.03], [1811.42, 0.04], [1811.43, 217.58], [1811.44, 0.06], [1811.45, 524.53], [1811.46, 8.32]]"
1783785230250,1811.31,1811.32,1811.315,0.0005520850873531608,2168154.3924,10099301.4307,-0.646519307073061,1811.3116911385748,"[[1811.31, 797.36], [1811.28, 0.05], [1811.27, 0.03], [1811.26, 0.03], [1811.25, 100.05], [1811.24, 0.03], [1811.23, 0.59], [1811.22, 0.04], [1811.21, 91.67], [1811.2, 207.18]]","[[1811.32, 3917.57], [1811.33, 789.33], [1811.35, 130.79], [1811.36, 254.38], [1811.37, 0.04], [1811.38, 0.03], [1811.39, 0.04], [1811.4, 46.51], [1811.41, 0.03], [1811.42, 436.9]]"
1783785233000,1811.0,1811.01,1811.005,0.0005521795908896388,6734923.64,9092456.2733,-0.14895280496293184,1811.0044953006548,"[[1811.0, 2878.35], [1810.99, 39.2], [1810.98, 0.18], [1810.97, 0.03], [1810.96, 0.05], [1810.95, 800.06], [1810.94, 0.11], [1810.93, 0.62], [1810.92, 0.03], [1810.91, 0.29]]","[[1811.01, 3524.67], [1811.02, 375.83], [1811.03, 0.01], [1811.04, 0.05], [1811.05, 50.32], [1811.06, 229.92], [1811.07, 120.07], [1811.08, 303.06], [1811.09, 183.12], [1811.1, 233.56]]"
1783785235800,1811.0,1811.01,1811.005,0.0005521795908896388,10171485.64,749643.1717,0.8627169069012547,1811.0099280268541,"[[1811.0, 3652.67], [1810.99, 39.76], [1810.98, 100.18], [1810.97, 6.73], [1810.96, 913.39], [1810.95, 800.06], [1810.94, 0.12], [1810.93, 103.31], [1810.92, 0.03], [1810.91, 0.3]]","[[1811.01, 26.48], [1811.02, 0.01], [1811.04, 0.04], [1811.06, 0.02], [1811.07, 120.03], [1811.08, 0.07], [1811.09, 135.22], [1811.1, 131.95], [1811.11, 0.06], [1811.12, 0.04]]"
1783785239650,1811.0,1811.01,1811.005,0.0005521795908896388,6546307.9883,10370767.816100001,-0.22607097538720541,1811.004030501501,"[[1811.0, 2774.17], [1810.99, 39.21], [1810.98, 0.18], [1810.97, 0.03], [1810.96, 0.05], [1810.95, 800.06], [1810.94, 0.11], [1810.93, 0.63], [1810.92, 0.03], [1810.91, 0.3]]","[[1811.01, 4108.77], [1811.02, 309.26], [1811.03, 251.79], [1811.04, 91.55], [1811.05, 0.03], [1811.06, 254.9], [1811.07, 280.21], [1811.08, 282.44], [1811.09, 9.99], [1811.1, 137.53]]"
1783785242350,1811.0,1811.01,1811.005,0.0005521795908896388,6137474.7383,9211961.095099999,-0.20029963251873992,1811.0039797982008,"[[1811.0, 2548.42], [1810.99, 39.21], [1810.98, 0.18], [1810.97, 0.03], [1810.96, 0.05], [1810.95, 800.06], [1810.94, 0.11], [1810.93, 0.63], [1810.92, 0.03], [1810.91, 0.3]]","[[1811.01, 3854.97], [1811.02, 286.21], [1811.03, 9.35], [1811.04, 91.55], [1811.05, 0.03], [1811.06, 214.9], [1811.07, 381.11], [1811.08, 107.69], [1811.09, 9.97], [1811.1, 130.83]]"
1783785245050,1810.62,1810.63,1810.625,0.0005522954780928286,4997385.912199999,721120.2329000001,0.7477941914890117,1810.6298585218963,"[[1810.62, 2419.37], [1810.61, 100.01], [1810.6, 19.08], [1810.59, 0.03], [1810.58, 0.05], [1810.57, 56.87], [1810.56, 19.66], [1810.55, 118.89], [1810.54, 25.93], [1810.53, 0.16]]","[[1810.63, 34.72], [1810.64, 0.45], [1810.68, 0.07], [1810.7, 0.03], [1810.71, 0.05], [1810.72, 100.04], [1810.73, 131.9], [1810.74, 120.03], [1810.75, 0.04], [1810.76, 10.92]]"
1783785248800,1810.7,1810.71,1810.705,0.0005522710767348024,3087149.5005,10902624.5717,-0.5586562749952226,1810.7022695325647,"[[1810.7, 1187.02], [1810.69, 0.52], [1810.68, 4.64], [1810.67, 7.49], [1810.66, 0.04], [1810.65, 0.03], [1810.64, 0.05], [1810.63, 106.5], [1810.62, 398.65], [1810.61, 0.03]]","[[1810.71, 4043.22], [1810.72, 667.82], [1810.74, 120.03], [1810.75, 19.11], [1810.76, 8.42], [1810.77, 0.03], [1810.78, 41.8], [1810.79, 1.04], [1810.8, 406.4], [1810.81, 713.25]]"
1783785251500,1810.7,1810.71,1810.705,0.0005522710767348024,4802616.4615,4114842.1275,0.0771267202573157,1810.7071256426966,"[[1810.7, 2012.31], [1810.69, 0.53], [1810.68, 4.65], [1810.67, 7.49], [1810.66, 0.03], [1810.65, 19.11], [1810.64, 0.05], [1810.63, 202.01], [1810.62, 397.69], [1810.61, 8.51]]","[[1810.71, 811.73], [1810.72, 638.87], [1810.74, 120.03], [1810.75, 0.03], [1810.76, 0.03], [1810.77, 0.03], [1810.78, 0.08], [1810.79, 1.04], [1810.8, 406.4], [1810.81, 294.22]]"
1783785255250,1810.7,1810.71,1810.705,0.0005522710767348024,6441018.1808,1971665.2887,0.5312636459345632,1810.708803516713,"[[1810.7, 2528.37], [1810.69, 8.82], [1810.68, 4.65], [1810.67, 7.49], [1810.66, 8.32], [1810.65, 12.59], [1810.64, 185.11], [1810.63, 210.3], [1810.62, 415.17], [1810.61, 176.42]]","[[1810.71, 343.63], [1810.72, 608.22], [1810.74, 5.53], [1810.75, 0.04], [1810.76, 0.03], [1810.77, 0.03], [1810.78, 0.08], [1810.79, 0.03], [1810.8, 0.61], [1810.81, 130.68]]"
1783785258100,1810.71,1810.72,1810.7150000000001,0.0005522680267182248,8379437.6762999995,1529654.9690999999,0.6912623539128789,1810.7181974779992,"[[1810.71, 3193.18], [1810.7, 345.83], [1810.69, 0.52], [1810.68, 20.42], [1810.67, 0.03], [1810.66, 0.03], [1810.65, 19.67], [1810.64, 186.87], [1810.63, 222.07], [1810.62, 639.14]]","[[1810.72, 702.14], [1810.74, 5.53], [1810.75, 0.03], [1810.76, 0.04], [1810.77, 0.03], [1810.78, 0.08], [1810.79, 0.03], [1810.8, 0.05], [1810.81, 77.48], [1810.82, 59.36]]"
1783785260850,1810.71,1810.72,1810.7150000000001,0.0005522680267182248,9905709.575199999,1224843.4610000001,0.7799132788790585,1810.7183647059392,"[[1810.71, 3458.12], [1810.7, 346.29], [1810.69, 2.29], [1810.68, 20.42], [1810.67, 23.97], [1810.66, 362.7], [1810.65, 10.82], [1810.64, 567.03], [1810.63, 115.62], [1810.62, 563.43]]","[[1810.72, 676.06], [1810.74, 0.03], [1810.75, 0.04], [1810.76, 0.03], [1810.77, 0.03], [1810.78, 0.08], [1810.79, 0.03], [1810.8, 0.04], [1810.81, 0.04], [1810.82, 0.06]]"
1783785266550,1810.98,1810.99,1810.9850000000001,0.0005521856890029959,6238604.4183,2193197.0067999996,0.4797797300417358,1810.987729288456,"[[1810.98, 2464.53], [1810.97, 407.19], [1810.96, 0.01], [1810.95, 95.18], [1810.94, 0.03], [1810.93, 0.04], [1810.92, 224.89], [1810.91, 10.51], [1810.9, 240.29], [1810.89, 2.23]]","[[1810.99, 724.03], [1811.0, 304.95], [1811.01, 15.12], [1811.02, 12.15], [1811.03, 5.06], [1811.04, 0.06], [1811.05, 10.9], [1811.06, 0.07], [1811.07, 138.65], [1811.08, 0.05]]"
1783785272300,1811.1,1811.11,1811.105,0.0005521491023430948,4696317.236099999,2313997.5696,0.3398306256607713,1811.1073815958528,"[[1811.1, 1832.71], [1811.09, 182.3], [1811.07, 2.54], [1811.06, 205.86], [1811.05, 13.36], [1811.04, 0.04], [1811.03, 0.03], [1811.02, 0.04], [1811.01, 25.74], [1811.0, 330.48]]","[[1811.11, 650.1], [1811.12, 369.76], [1811.13, 95.04], [1811.14, 0.03], [1811.15, 109.42], [1811.16, 0.06], [1811.17, 0.12], [1811.18, 0.03], [1811.19, 0.04], [1811.2, 53.06]]"
1783785275050,1811.27,1811.28,1811.275,0.0005520972795401529,6632604.052800001,2739968.6644,0.4153219725099025,1811.2772675050753,"[[1811.27, 2666.92], [1811.25, 10.79], [1811.24, 7.13], [1811.23, 403.8], [1811.22, 0.03], [1811.21, 4.34], [1811.2, 127.38], [1811.19, 10.38], [1811.18, 225.51], [1811.17, 205.61]]","[[1811.28, 1002.73], [1811.29, 0.34], [1811.3, 10.79], [1811.31, 40.13], [1811.32, 117.73], [1811.33, 3.42], [1811.34, 295.24], [1811.35, 10.91], [1811.36, 31.36], [1811.37, 0.06]]"
1783785278000,1811.25,1811.26,1811.255,0.0005521033758355894,2288571.3638,5493087.2459,-0.41180370957234036,1811.2530976207854,"[[1811.25, 1014.35], [1811.24, 12.8], [1811.23, 0.04], [1811.22, 0.03], [1811.21, 0.04], [1811.2, 119.75], [1811.19, 0.04], [1811.18, 0.03], [1811.17, 114.35], [1811.16, 2.11]]","[[1811.26, 2260.26], [1811.27, 223.73], [1811.28, 0.04], [1811.29, 75.69], [1811.3, 10.83], [1811.31, 0.07], [1811.32, 0.03], [1811.33, 0.04], [1811.34, 371.41], [1811.35, 90.62]]"
1783785287750,1811.99,1812.0,1811.995,0.0005518779025323417,3849917.3995,1200348.9193,0.5246393581932066,1811.9974869280602,"[[1811.99, 1653.81], [1811.98, 13.02], [1811.97, 100.0], [1811.96, 252.7], [1811.95, 11.82], [1811.94, 3.05], [1811.93, 8.3], [1811.92, 0.04], [1811.91, 46.02], [1811.9, 35.94]]","[[1812.0, 555.12], [1812.01, 7.77], [1812.02, 12.12], [1812.03, 0.26], [1812.04, 0.08], [1812.05, 12.26], [1812.06, 0.04], [1812.07, 1.48], [1812.08, 0.87], [1812.09, 72.44]]"
1783785305500,1812.69,1812.7,1812.6950000000002,0.0005516647864086845,3653289.9346000003,1848971.8316000002,0.3279229850683944,1812.6983706037192,"[[1812.69, 1373.75], [1812.68, 0.01], [1812.66, 0.03], [1812.65, 10.82], [1812.64, 0.04], [1812.63, 0.04], [1812.62, 110.77], [1812.61, 0.05], [1812.6, 31.6], [1812.59, 488.32]]","[[1812.7, 267.41], [1812.71, 45.28], [1812.72, 0.02], [1812.73, 25.74], [1812.74, 9.04], [1812.75, 35.72], [1812.76, 13.24], [1812.77, 9.66], [1812.78, 600.63], [1812.79, 13.24]]"
