ts,open_interest,oi_volume,datetime_utc
1783611600000,274284149.8333,2476437.3139,2026-07-09 15:40:00+00:00
1783611900000,274409396.4605,2969180.6259,2026-07-09 15:45:00+00:00
1783612200000,274727371.7386,1435259.531,2026-07-09 15:50:00+00:00
1783612500000,275047823.9595,1144489.0526,2026-07-09 15:55:00+00:00
1783612800000,275047823.9595,3557895.9989,2026-07-09 16:00:00+00:00
1783613100000,276707359.8924,4696629.4869,2026-07-09 16:05:00+00:00
1783613400000,276726614.5255,2087801.1095,2026-07-09 16:10:00+00:00
1783613700000,276467740.4163,2564294.1856,2026-07-09 16:15:00+00:00
1783614000000,276326226.3383,3265487.7421,2026-07-09 16:20:00+00:00
1783614300000,276374090.1469,1453334.1704,2026-07-09 16:25:00+00:00
1783614600000,276200090.4709,6046041.2019,2026-07-09 16:30:00+00:00
1783614900000,276194692.6179,1205620.9453,2026-07-09 16:35:00+00:00
1783615200000,276195173.2091,1454568.0066,2026-07-09 16:40:00+00:00
1783615500000,276642852.4417,1736013.114,2026-07-09 16:45:00+00:00
1783615800000,276589493.8189,896192.1879,2026-07-09 16:50:00+00:00
1783616100000,277062529.0242,1346818.854,2026-07-09 16:55:00+00:00
1783616400000,277193169.4028,723903.7922,2026-07-09 17:00:00+00:00
1783616700000,277506081.9675,1264670.4307,2026-07-09 17:05:00+00:00
1783617000000,277549492.4034,1307349.3181,2026-07-09 17:10:00+00:00
1783617300000,277638670.5692,840717.3936,2026-07-09 17:15:00+00:00
1783617600000,276961925.5872,2186551.9259,2026-07-09 17:20:00+00:00
1783617900000,281228286.0926,1319418.0118,2026-07-09 17:25:00+00:00
1783618200000,281416220.2589,579607.2717,2026-07-09 17:30:00+00:00
1783618500000,281297072.3656,626444.4057,2026-07-09 17:35:00+00:00
1783618800000,280717279.6578,3737601.8995,2026-07-09 17:40:00+00:00
1783619100000,280998236.6616,3281897.0837,2026-07-09 17:45:00+00:00
1783619400000,280657406.4576,1593241.8543,2026-07-09 17:50:00+00:00
1783619700000,280490292.9294,1333948.6349,2026-07-09 17:55:00+00:00
1783620000000,280312915.1715,1812067.7147,2026-07-09 18:00:00+00:00
1783620300000,280070338.2579,2358697.1631,2026-07-09 18:05:00+00:00
1783620600000,279093832.3865,4964003.5272,2026-07-09 18:10:00+00:00
1783620900000,279611740.7842,2128879.5891,2026-07-09 18:15:00+00:00
1783621200000,279674294.1167,1896003.3429,2026-07-09 18:20:00+00:00
1783621500000,279548601.5742,1788057.5894,2026-07-09 18:25:00+00:00
1783621800000,279273932.9127,2419707.0975,2026-07-09 18:30:00+00:00
1783622100000,279377791.1314,1142762.7662,2026-07-09 18:35:00+00:00
1783622400000,280022955.5045,2100548.4337,2026-07-09 18:40:00+00:00
1783622700000,279744095.8666,1338462.2249,2026-07-09 18:45:00+00:00
1783623000000,279745817.4042,884270.7208,2026-07-09 18:50:00+00:00
1783623300000,279438446.9866,974084.1737,2026-07-09 18:55:00+00:00
1783623600000,279311873.7463,933249.1447,2026-07-09 19:00:00+00:00
1783623900000,279376028.8278,754094.0628,2026-07-09 19:05:00+00:00
1783624200000,279321097.2101,932973.9375,2026-07-09 19:10:00+00:00
1783624500000,279401754.6995,390243.1331,2026-07-09 19:15:00+00:00
1783624800000,279081316.9994,1583358.2432,2026-07-09 19:20:00+00:00
1783625100000,279143563.3354,654068.9663,2026-07-09 19:25:00+00:00
1783625400000,279068655.8407,642705.2971,2026-07-09 19:30:00+00:00
1783625700000,279096073.5286,548774.8993,2026-07-09 19:35:00+00:00
1783626000000,279215922.0113,846092.4964,2026-07-09 19:40:00+00:00
1783626300000,279361782.7763,787851.7945,2026-07-09 19:45:00+00:00
1783626600000,279404743.3091,903387.1943,2026-07-09 19:50:00+00:00
1783626900000,279196609.4648,665779.3323,2026-07-09 19:55:00+00:00
1783627200000,279117125.4265,534867.2646,2026-07-09 20:00:00+00:00
1783627500000,279070821.8076,761571.5908,2026-07-09 20:05:00+00:00
1783627800000,279112476.5359,509443.1944,2026-07-09 20:10:00+00:00
1783628100000,279104429.79,450404.5826,2026-07-09 20:15:00+00:00
1783628400000,278799599.2695,894037.3445,2026-07-09 20:20:00+00:00
1783628700000,278876760.1518,312411.7928,2026-07-09 20:25:00+00:00
1783629000000,278830866.3978,449661.7982,2026-07-09 20:30:00+00:00
1783629300000,278875958.4534,567009.653,2026-07-09 20:35:00+00:00
1783629600000,278863826.6839,201578.3146,2026-07-09 20:40:00+00:00
1783629900000,278981241.828,478737.1141,2026-07-09 20:45:00+00:00
1783630200000,278974421.4818,133655.2327,2026-07-09 20:50:00+00:00
1783630500000,278400411.2765,1739174.3258,2026-07-09 20:55:00+00:00
1783630800000,278450044.9953,863450.8851,2026-07-09 21:00:00+00:00
1783631100000,278397760.6691,457013.8758,2026-07-09 21:05:00+00:00
1783631400000,278355731.3429,614207.5947,2026-07-09 21:10:00+00:00
1783631700000,278280130.3751,902690.5487,2026-07-09 21:15:00+00:00
1783632000000,278257501.8654,184058.1553,2026-07-09 21:20:00+00:00
1783632300000,278266134.1696,157887.5528,2026-07-09 21:25:00+00:00
1783632600000,278263283.0197,481603.5474,2026-07-09 21:30:00+00:00
1783632900000,278192887.6841,370285.7357,2026-07-09 21:35:00+00:00
1783633200000,278095241.0963,397856.9139,2026-07-09 21:40:00+00:00
1783633500000,278126850.2796,813368.2712,2026-07-09 21:45:00+00:00
1783633800000,278013934.6215,410132.9012,2026-07-09 21:50:00+00:00
1783634100000,277938503.5956,371549.5149,2026-07-09 21:55:00+00:00
1783634400000,277964680.6802,531919.8485,2026-07-09 22:00:00+00:00
1783634700000,278209594.3145,1681906.3571,2026-07-09 22:05:00+00:00
1783635000000,278164502.2022,386597.2636,2026-07-09 22:10:00+00:00
1783635300000,278194377.2512,223530.096,2026-07-09 22:15:00+00:00
1783635600000,278183952.3419,877368.8984,2026-07-09 22:20:00+00:00
1783635900000,278170238.581,637953.8467,2026-07-09 22:25:00+00:00
1783636200000,278124627.1312,206970.891,2026-07-09 22:30:00+00:00
1783636500000,277978362.9678,640886.1609,2026-07-09 22:35:00+00:00
1783636800000,277911433.7027,306170.1634,2026-07-09 22:40:00+00:00
1783637100000,277853228.4972,598975.1668,2026-07-09 22:45:00+00:00
1783637400000,277885198.2714,304090.5064,2026-07-09 22:50:00+00:00
1783637700000,278007200.2268,1083206.1482,2026-07-09 22:55:00+00:00
1783638000000,277894184.5441,455690.1608,2026-07-09 23:00:00+00:00
1783638300000,277896692.1815,289072.1834,2026-07-09 23:05:00+00:00
1783638600000,278008298.9056,475362.8503,2026-07-09 23:10:00+00:00
1783638900000,277939199.7459,285070.3218,2026-07-09 23:15:00+00:00
1783639200000,277849039.6859,1877060.7081,2026-07-09 23:20:00+00:00
1783639500000,277452716.9453,2023906.6487,2026-07-09 23:25:00+00:00
1783639800000,277171910.416,1691671.9079,2026-07-09 23:30:00+00:00
1783640100000,277171974.7638,292804.9146,2026-07-09 23:35:00+00:00
1783640400000,277349330.8874,664130.6713,2026-07-09 23:40:00+00:00
1783640700000,277422866.8787,389207.9531,2026-07-09 23:45:00+00:00
1783641000000,277457896.5715,286476.6758,2026-07-09 23:50:00+00:00
1783641300000,277495003.3621,366381.8941,2026-07-09 23:55:00+00:00
1783641600000,277495003.3621,326255.4694,2026-07-10 00:00:00+00:00
1783641900000,277112354.8153,1592943.8149,2026-07-10 00:05:00+00:00
1783642200000,277238682.2025,967202.4669,2026-07-10 00:10:00+00:00
1783642500000,277484464.3581,1370475.7011,2026-07-10 00:15:00+00:00
1783642800000,277351953.8483,1138167.431,2026-07-10 00:20:00+00:00
1783643100000,277073933.6014,1299924.7616,2026-07-10 00:25:00+00:00
1783643400000,276950059.3235,962523.9688,2026-07-10 00:30:00+00:00
1783643700000,277028843.1014,3343747.7847,2026-07-10 00:35:00+00:00
1783644000000,276406115.5741,2103435.1863,2026-07-10 00:40:00+00:00
1783644300000,276168113.1177,1562868.2331,2026-07-10 00:45:00+00:00
1783644600000,275961285.9584,808290.6287,2026-07-10 00:50:00+00:00
1783644900000,276081723.0309,717047.8791,2026-07-10 00:55:00+00:00
1783645200000,276209241.2747,1121126.4841,2026-07-10 01:00:00+00:00
1783645500000,276114312.9511,695078.8204,2026-07-10 01:05:00+00:00
1783645800000,276223173.0445,847193.0087,2026-07-10 01:10:00+00:00
1783646100000,276108346.7023,1595776.2067,2026-07-10 01:15:00+00:00
1783646400000,275157181.2573,7155664.8246,2026-07-10 01:20:00+00:00
1783646700000,274915784.8659,6548673.0678,2026-07-10 01:25:00+00:00
1783647000000,275009331.0471,1201753.2487,2026-07-10 01:30:00+00:00
1783647300000,274876562.4258,1743620.1578,2026-07-10 01:35:00+00:00
1783647600000,275128819.1936,1600591.6131,2026-07-10 01:40:00+00:00
1783647900000,275175832.4767,823204.5952,2026-07-10 01:45:00+00:00
1783648200000,270471703.1752,31749582.6249,2026-07-10 01:50:00+00:00
1783648500000,269551697.7462,12324534.8259,2026-07-10 01:55:00+00:00
1783648800000,270224639.2823,4123749.8942,2026-07-10 02:00:00+00:00
1783649100000,270472406.132,5741441.396,2026-07-10 02:05:00+00:00
1783649400000,269877259.9657,3150062.5717,2026-07-10 02:10:00+00:00
1783649700000,270147568.3139,4707354.8896,2026-07-10 02:15:00+00:00
1783650000000,270021302.4233,2344644.9594,2026-07-10 02:20:00+00:00
1783650300000,269596957.3849,2964648.3198,2026-07-10 02:25:00+00:00
1783650600000,269630904.5412,1112607.7385,2026-07-10 02:30:00+00:00
1783650900000,270272218.5853,2535948.1767,2026-07-10 02:35:00+00:00
1783651200000,270094448.9105,1330068.2471,2026-07-10 02:40:00+00:00
1783651500000,270030219.9356,673095.7089,2026-07-10 02:45:00+00:00
1783651800000,270096141.6535,1658328.4905,2026-07-10 02:50:00+00:00
1783652100000,270288339.351,1942414.4883,2026-07-10 02:55:00+00:00
1783652400000,270285741.9637,1396189.4879,2026-07-10 03:00:00+00:00
1783652700000,269974333.3405,1946886.5951,2026-07-10 03:05:00+00:00
1783653000000,269597325.1394,1681964.9973,2026-07-10 03:10:00+00:00
1783653300000,269925524.9113,2103922.2533,2026-07-10 03:15:00+00:00
1783653600000,269895235.4656,2045931.8446,2026-07-10 03:20:00+00:00
1783653900000,269628261.707,1865311.2519,2026-07-10 03:25:00+00:00
1783654200000,269468425.6858,2671325.0901,2026-07-10 03:30:00+00:00
1783654500000,269299130.2336,1688429.9931,2026-07-10 03:35:00+00:00
1783654800000,269273415.3396,1135384.9417,2026-07-10 03:40:00+00:00
1783655100000,269194796.7645,1810094.6537,2026-07-10 03:45:00+00:00
1783655400000,269204624.5705,2066155.7513,2026-07-10 03:50:00+00:00
1783655700000,268904323.9985,1838732.3655,2026-07-10 03:55:00+00:00
1783656000000,269166790.1145,1920813.9949,2026-07-10 04:00:00+00:00
1783656300000,268082208.9343,4551157.3534,2026-07-10 04:05:00+00:00
1783656600000,268722776.7826,1370602.091,2026-07-10 04:10:00+00:00
1783656900000,268630773.2408,831879.4794,2026-07-10 04:15:00+00:00
1783657200000,268677596.0875,586318.3443,2026-07-10 04:20:00+00:00
1783657500000,268520325.6886,1906498.0345,2026-07-10 04:25:00+00:00
1783657800000,268497619.8839,921052.9593,2026-07-10 04:30:00+00:00
1783658100000,268056621.4503,1972138.4107,2026-07-10 04:35:00+00:00
1783658400000,268176307.3941,1502233.9939,2026-07-10 04:40:00+00:00
1783658700000,268929400.1014,1861613.821,2026-07-10 04:45:00+00:00
1783659000000,269260470.4254,1024871.5313,2026-07-10 04:50:00+00:00
1783659300000,269457887.141,1905336.1803,2026-07-10 04:55:00+00:00
1783659600000,269302216.3131,782796.3095,2026-07-10 05:00:00+00:00
1783659900000,269373675.6694,1724620.9091,2026-07-10 05:05:00+00:00
1783660200000,269508882.4123,1438353.2392,2026-07-10 05:10:00+00:00
1783660500000,269357709.1208,1379737.1444,2026-07-10 05:15:00+00:00
1783660800000,269517754.0996,2093783.5523,2026-07-10 05:20:00+00:00
1783661100000,269855832.702,1934976.9943,2026-07-10 05:25:00+00:00
1783661400000,269882069.5102,932448.7972,2026-07-10 05:30:00+00:00
1783661700000,268821821.6998,6798651.7633,2026-07-10 05:35:00+00:00
1783662000000,268840166.5884,1629846.0318,2026-07-10 05:40:00+00:00
1783662300000,268722378.3627,1579205.6986,2026-07-10 05:45:00+00:00
1783662600000,268812843.8822,809361.4187,2026-07-10 05:50:00+00:00
1783662900000,268887948.5642,745543.6053,2026-07-10 05:55:00+00:00
1783663200000,268796558.6813,786745.4704,2026-07-10 06:00:00+00:00
1783663500000,268499482.3708,1051571.4538,2026-07-10 06:05:00+00:00
1783663800000,268175204.5655,871603.7169,2026-07-10 06:10:00+00:00
1783664100000,268027070.1386,760219.0664,2026-07-10 06:15:00+00:00
1783664400000,267779414.505,1547812.9767,2026-07-10 06:20:00+00:00
1783664700000,267898861.2624,1059876.108,2026-07-10 06:25:00+00:00
1783665000000,267852229.7755,2255188.1585,2026-07-10 06:30:00+00:00
1783665300000,268044817.6233,1393072.2586,2026-07-10 06:35:00+00:00
1783665600000,267944945.898,1781412.7569,2026-07-10 06:40:00+00:00
1783665900000,268156797.6416,925279.142,2026-07-10 06:45:00+00:00
1783666200000,267885306.4302,810207.1152,2026-07-10 06:50:00+00:00
1783666500000,267953518.5758,925767.6384,2026-07-10 06:55:00+00:00
1783666800000,267854642.2122,993253.3114,2026-07-10 07:00:00+00:00
1783667100000,267949537.214,1576161.8919,2026-07-10 07:05:00+00:00
1783667400000,267894993.4463,821042.4621,2026-07-10 07:10:00+00:00
1783667700000,267959931.6076,1407205.2363,2026-07-10 07:15:00+00:00
1783668000000,267957899.8024,692503.9093,2026-07-10 07:20:00+00:00
1783668300000,268074911.2001,691078.2215,2026-07-10 07:25:00+00:00
1783668600000,268128755.5828,366071.6666,2026-07-10 07:30:00+00:00
1783668900000,268061326.2184,391475.7932,2026-07-10 07:35:00+00:00
1783669200000,267689344.7114,2166568.7412,2026-07-10 07:40:00+00:00
1783669500000,267867218.0997,1132642.623,2026-07-10 07:45:00+00:00
1783669800000,267724327.0806,1346793.6839,2026-07-10 07:50:00+00:00
1783670100000,267823041.5676,941333.4003,2026-07-10 07:55:00+00:00
1783670400000,267823041.5676,1161519.399,2026-07-10 08:00:00+00:00
1783670700000,267606166.1979,1407145.3027,2026-07-10 08:05:00+00:00
1783671000000,267480821.9021,1197455.552,2026-07-10 08:10:00+00:00
1783671300000,267377887.4457,1252204.8493,2026-07-10 08:15:00+00:00
1783671600000,266387757.8214,10183195.1182,2026-07-10 08:20:00+00:00
1783671900000,266438820.215,3044917.983,2026-07-10 08:25:00+00:00
1783672200000,266548938.6852,1667770.0336,2026-07-10 08:30:00+00:00
1783672500000,267150213.5711,3688313.7465,2026-07-10 08:35:00+00:00
1783672800000,267245002.7245,2742877.6759,2026-07-10 08:40:00+00:00
1783673100000,267320098.6561,874564.3326,2026-07-10 08:45:00+00:00
1783673400000,266768559.2046,3814882.7369,2026-07-10 08:50:00+00:00
1783673700000,268357154.6966,4713848.9689,2026-07-10 08:55:00+00:00
1783674000000,269105258.5646,5692381.0281,2026-07-10 09:00:00+00:00
1783674300000,269064577.0893,4282688.7833,2026-07-10 09:05:00+00:00
1783674600000,268226710.2515,1912393.6661,2026-07-10 09:10:00+00:00
1783674900000,267714891.6124,3504872.3631,2026-07-10 09:15:00+00:00
1783675200000,267219660.6827,1766495.5766,2026-07-10 09:20:00+00:00
1783675500000,267319294.1496,696818.4682,2026-07-10 09:25:00+00:00
1783675800000,267524588.6975,1622148.7561,2026-07-10 09:30:00+00:00
1783676100000,264963102.5156,10132618.0272,2026-07-10 09:35:00+00:00
1783676400000,265165308.9612,1589586.1236,2026-07-10 09:40:00+00:00
1783676700000,265472381.258,1719155.9372,2026-07-10 09:45:00+00:00
1783677000000,265195123.7448,2003152.0982,2026-07-10 09:50:00+00:00
1783677300000,265170320.4923,786162.7145,2026-07-10 09:55:00+00:00
1783677600000,266461390.7079,3018161.0652,2026-07-10 10:00:00+00:00
1783677900000,266662931.4942,1934762.3296,2026-07-10 10:05:00+00:00
1783678200000,266619879.1006,469890.6867,2026-07-10 10:10:00+00:00
1783678500000,266483389.0222,833432.4502,2026-07-10 10:15:00+00:00
1783678800000,266326971.413,1138750.7175,2026-07-10 10:20:00+00:00
1783679100000,263960542.5459,9657831.5929,2026-07-10 10:25:00+00:00
1783679400000,263423738.9543,4384843.7229,2026-07-10 10:30:00+00:00
1783679700000,264746599.4624,5182931.4069,2026-07-10 10:35:00+00:00
1783680000000,264505252.2998,2479454.7298,2026-07-10 10:40:00+00:00
1783680300000,264840433.7495,1171993.749,2026-07-10 10:45:00+00:00
1783680600000,264393076.6124,1234310.4722,2026-07-10 10:50:00+00:00
1783680900000,265551795.8492,3265026.8339,2026-07-10 10:55:00+00:00
1783681200000,264687019.6827,2380989.2992,2026-07-10 11:00:00+00:00
1783681500000,263462935.9026,5671500.3709,2026-07-10 11:05:00+00:00
1783681800000,264739003.1889,8103567.805,2026-07-10 11:10:00+00:00
1783682100000,264875255.609,1254728.047,2026-07-10 11:15:00+00:00
1783682400000,264128332.5906,3083841.9093,2026-07-10 11:20:00+00:00
1783682700000,264245574.5466,862077.0083,2026-07-10 11:25:00+00:00
1783683000000,264262467.986,619438.9165,2026-07-10 11:30:00+00:00
1783683300000,263998247.6288,1704697.4718,2026-07-10 11:35:00+00:00
1783683600000,263651776.7115,1376375.141,2026-07-10 11:40:00+00:00
1783683900000,263390765.1492,1285026.841,2026-07-10 11:45:00+00:00
1783684200000,262970283.0035,2411445.9009,2026-07-10 11:50:00+00:00
1783684500000,263190138.8242,1139054.8674,2026-07-10 11:55:00+00:00
1783684800000,263196999.6635,595506.5848,2026-07-10 12:00:00+00:00
1783685100000,263097058.2869,1402884.3506,2026-07-10 12:05:00+00:00
1783685400000,263209196.3515,1176590.7478,2026-07-10 12:10:00+00:00
1783685700000,263459310.685,8050796.8482,2026-07-10 12:15:00+00:00
1783686000000,263154320.7233,1390496.3327,2026-07-10 12:20:00+00:00
1783686300000,263182051.4876,713776.3313,2026-07-10 12:25:00+00:00
1783686600000,262873483.1947,1258637.0289,2026-07-10 12:30:00+00:00
1783686900000,262952809.8038,1607292.917,2026-07-10 12:35:00+00:00
1783687200000,262276194.0677,3485565.5018,2026-07-10 12:40:00+00:00
1783687500000,261784276.5796,3731099.3745,2026-07-10 12:45:00+00:00
1783687800000,261582110.6867,1872231.4547,2026-07-10 12:50:00+00:00
1783688100000,261643335.227,2021413.928,2026-07-10 12:55:00+00:00
1783688400000,262093111.9237,3120759.9624,2026-07-10 13:00:00+00:00
1783688700000,262087727.724,1742481.4007,2026-07-10 13:05:00+00:00
1783689000000,262136715.9714,788098.3759,2026-07-10 13:10:00+00:00
1783689300000,262112394.6365,1110628.3703,2026-07-10 13:15:00+00:00
1783689600000,262153695.3544,1723933.9295,2026-07-10 13:20:00+00:00
1783689900000,262059291.9481,956544.766,2026-07-10 13:25:00+00:00
1783690200000,262059291.9481,2528510.9109,2026-07-10 13:30:00+00:00
1783690500000,261191463.8661,5320991.7804,2026-07-10 13:35:00+00:00
1783690800000,261454784.2161,2629219.987,2026-07-10 13:40:00+00:00
1783691100000,261364887.4561,3245307.9221,2026-07-10 13:45:00+00:00
1783691400000,261553002.1123,2991047.9583,2026-07-10 13:50:00+00:00
1783691700000,261066022.4144,4193440.6802,2026-07-10 13:55:00+00:00
1783692000000,260915822.1194,3560986.3809,2026-07-10 14:00:00+00:00
1783692300000,260194064.2756,6375315.1981,2026-07-10 14:05:00+00:00
1783692600000,259997141.8277,7886377.3572,2026-07-10 14:10:00+00:00
1783692900000,259865744.4865,8609103.5317,2026-07-10 14:15:00+00:00
1783693200000,262330279.9197,19584043.9748,2026-07-10 14:20:00+00:00
1783693500000,261624908.0989,15197186.652,2026-07-10 14:25:00+00:00
1783693800000,261707225.3965,6242541.6418,2026-07-10 14:30:00+00:00
1783694100000,261707225.3965,37851855.7735,2026-07-10 14:35:00+00:00
1783694400000,263456223.2131,9433123.321,2026-07-10 14:40:00+00:00
1783694700000,263154789.8672,5577294.165,2026-07-10 14:45:00+00:00
1783695000000,262791474.5217,19605450.6347,2026-07-10 14:50:00+00:00
1783695300000,262815094.2727,6080863.8881,2026-07-10 14:55:00+00:00
1783695600000,263438800.503,6607277.586,2026-07-10 15:00:00+00:00
1783695900000,263834100.1741,4321378.4357,2026-07-10 15:05:00+00:00
1783696200000,261813298.6922,6408117.71,2026-07-10 15:10:00+00:00
1783696500000,262001186.8301,1902861.5168,2026-07-10 15:15:00+00:00
1783696800000,263542373.5552,7730099.5508,2026-07-10 15:20:00+00:00
1783697100000,263202386.192,2578677.3901,2026-07-10 15:25:00+00:00
1783697400000,261962851.1593,5610405.0216,2026-07-10 15:30:00+00:00
1783697700000,261830439.6602,1994849.5513,2026-07-10 15:35:00+00:00
1783698000000,261787940.4434,766325.7145,2026-07-10 15:40:00+00:00
1783698300000,261330775.9321,2673712.9579,2026-07-10 15:45:00+00:00
1783698600000,261545888.5888,1924676.72,2026-07-10 15:50:00+00:00
1783698900000,261546089.1872,1035707.7861,2026-07-10 15:55:00+00:00
1783699200000,261546089.1872,1668688.64,2026-07-10 16:00:00+00:00
1783699500000,260765387.5824,3114079.608,2026-07-10 16:05:00+00:00
1783699800000,264369968.5133,7687816.2885,2026-07-10 16:10:00+00:00
1783700100000,265500703.7112,4569662.6456,2026-07-10 16:15:00+00:00
1783700400000,265214773.5731,2054443.0092,2026-07-10 16:20:00+00:00
1783700700000,265242620.0854,1257204.2683,2026-07-10 16:25:00+00:00
1783701000000,265428839.6028,1770090.3789,2026-07-10 16:30:00+00:00
1783701300000,265279515.6469,703641.8827,2026-07-10 16:35:00+00:00
1783701600000,264569747.585,3444242.2832,2026-07-10 16:40:00+00:00
1783701900000,264363103.1168,1615442.3245,2026-07-10 16:45:00+00:00
1783702200000,264479171.3359,1112811.3826,2026-07-10 16:50:00+00:00
1783702500000,264508398.1744,1237555.77,2026-07-10 16:55:00+00:00
1783702800000,264395510.9248,1453430.8792,2026-07-10 17:00:00+00:00
1783703100000,264548947.3115,1166109.6862,2026-07-10 17:05:00+00:00
1783703400000,265300307.5762,3181425.9479,2026-07-10 17:10:00+00:00
1783703700000,265276595.3461,1313666.4978,2026-07-10 17:15:00+00:00
1783704000000,265828596.8217,2615890.5205,2026-07-10 17:20:00+00:00
1783704300000,267316114.3886,1742273.2566,2026-07-10 17:25:00+00:00
1783704600000,267419383.8426,1221089.7295,2026-07-10 17:30:00+00:00
1783704900000,267188573.1875,4834993.1832,2026-07-10 17:35:00+00:00
1783705200000,267404049.0385,874168.1628,2026-07-10 17:40:00+00:00
1783705500000,267466749.5219,550915.1883,2026-07-10 17:45:00+00:00
1783705800000,267460104.956,514684.1174,2026-07-10 17:50:00+00:00
1783706100000,267325309.8004,2104753.5504,2026-07-10 17:55:00+00:00
1783706400000,267381181.4336,1494496.6265,2026-07-10 18:00:00+00:00
1783706700000,267441387.9353,2354408.8814,2026-07-10 18:05:00+00:00
1783707000000,267332047.5055,893944.6374,2026-07-10 18:10:00+00:00
1783707300000,267685913.679,2780102.243,2026-07-10 18:15:00+00:00
1783707600000,267543909.257,1380405.2139,2026-07-10 18:20:00+00:00
1783707900000,267545936.3064,407823.3034,2026-07-10 18:25:00+00:00
1783708200000,267638963.2055,2880275.7069,2026-07-10 18:30:00+00:00
1783708500000,267587239.5943,652120.0357,2026-07-10 18:35:00+00:00
1783708800000,267592087.556,647136.5047,2026-07-10 18:40:00+00:00
1783709100000,267327108.5775,4014563.2478,2026-07-10 18:45:00+00:00
1783709400000,267213566.4193,3665463.528,2026-07-10 18:50:00+00:00
1783709700000,267096000.8567,2408219.0071,2026-07-10 18:55:00+00:00
1783710000000,267279970.3758,2944890.3392,2026-07-10 19:00:00+00:00
1783710300000,267242371.1168,2135053.106,2026-07-10 19:05:00+00:00
1783710600000,266924333.1009,841621.6044,2026-07-10 19:10:00+00:00
1783710900000,266864368.1253,731828.631,2026-07-10 19:15:00+00:00
1783711200000,267018044.2313,1633199.5787,2026-07-10 19:20:00+00:00
1783711500000,266971307.6929,1451584.0888,2026-07-10 19:25:00+00:00
1783711800000,267057704.4102,1264039.1102,2026-07-10 19:30:00+00:00
1783712100000,265912574.8513,4704973.9506,2026-07-10 19:35:00+00:00
1783712400000,265545688.7358,2309463.0053,2026-07-10 19:40:00+00:00
1783712700000,265366684.7244,777367.3959,2026-07-10 19:45:00+00:00
1783713000000,265323102.3117,682921.2008,2026-07-10 19:50:00+00:00
1783713300000,265232452.5824,1374784.7505,2026-07-10 19:55:00+00:00
1783713600000,264954022.9483,2319528.2051,2026-07-10 20:00:00+00:00
1783713900000,264589700.6449,1373433.0242,2026-07-10 20:05:00+00:00
1783714200000,264568322.1444,888715.4147,2026-07-10 20:10:00+00:00
1783714500000,264573827.6918,460647.1775,2026-07-10 20:15:00+00:00
1783714800000,264631141.0645,1225296.2919,2026-07-10 20:20:00+00:00
1783715100000,264526729.7098,2913088.8284,2026-07-10 20:25:00+00:00
1783715400000,264389202.8507,1181829.2518,2026-07-10 20:30:00+00:00
1783715700000,264019015.3633,986734.6188,2026-07-10 20:35:00+00:00
1783716000000,264085037.6373,851945.2286,2026-07-10 20:40:00+00:00
1783716300000,264007504.3204,452928.1859,2026-07-10 20:45:00+00:00
1783716600000,263910588.2002,406740.9894,2026-07-10 20:50:00+00:00
1783716900000,263774967.5169,411710.3632,2026-07-10 20:55:00+00:00
1783717200000,264042459.4939,755566.7554,2026-07-10 21:00:00+00:00
1783717500000,264083781.3795,401536.622,2026-07-10 21:05:00+00:00
1783717800000,263965025.873,671231.7225,2026-07-10 21:10:00+00:00
1783718100000,263820880.9862,1768197.7494,2026-07-10 21:15:00+00:00
1783718400000,263817305.4047,535665.3004,2026-07-10 21:20:00+00:00
1783718700000,263982254.6251,849068.0802,2026-07-10 21:25:00+00:00
1783719000000,263943792.5701,579947.6356,2026-07-10 21:30:00+00:00
1783719300000,263732000.334,1214466.223,2026-07-10 21:35:00+00:00
1783719600000,263751683.5819,1095770.7595,2026-07-10 21:40:00+00:00
1783719900000,263633712.2734,738220.7795,2026-07-10 21:45:00+00:00
1783720200000,263400205.1769,1162283.8246,2026-07-10 21:50:00+00:00
1783720500000,263774800.0756,995812.991,2026-07-10 21:55:00+00:00
1783720800000,263510682.9122,1014468.8088,2026-07-10 22:00:00+00:00
1783721100000,262194085.2536,5475418.2252,2026-07-10 22:05:00+00:00
1783721400000,262227305.3601,598709.3885,2026-07-10 22:10:00+00:00
1783721700000,262179050.0765,792993.4166,2026-07-10 22:15:00+00:00
1783722000000,262302695.5102,408292.7256,2026-07-10 22:20:00+00:00
1783722300000,262371048.2649,535733.1813,2026-07-10 22:25:00+00:00
1783722600000,262217370.7365,585611.5042,2026-07-10 22:30:00+00:00
1783722900000,262477977.8705,769225.7873,2026-07-10 22:35:00+00:00
1783723200000,262886204.8129,763419.7292,2026-07-10 22:40:00+00:00
1783723500000,262826828.5721,576920.6316,2026-07-10 22:45:00+00:00
1783723800000,262907880.324,333968.8686,2026-07-10 22:50:00+00:00
1783724100000,263073743.8865,600014.0714,2026-07-10 22:55:00+00:00
1783724400000,263728207.7097,2179058.2674,2026-07-10 23:00:00+00:00
1783724700000,264075658.9357,1579452.241,2026-07-10 23:05:00+00:00
1783725000000,264180640.2148,1451257.986,2026-07-10 23:10:00+00:00
1783725300000,264209390.7982,480640.8528,2026-07-10 23:15:00+00:00
1783725600000,264256307.658,688874.0444,2026-07-10 23:20:00+00:00
1783725900000,264298972.8544,415861.9625,2026-07-10 23:25:00+00:00
1783726200000,264792790.4173,1426083.2237,2026-07-10 23:30:00+00:00
1783726500000,264840060.9213,1035543.1459,2026-07-10 23:35:00+00:00
1783726800000,264847589.848,199295.5819,2026-07-10 23:40:00+00:00
1783727100000,264889725.8526,544316.8633,2026-07-10 23:45:00+00:00
1783727400000,264967608.6136,672862.8484,2026-07-10 23:50:00+00:00
1783727700000,264962615.9555,320596.9896,2026-07-10 23:55:00+00:00
1783728000000,264962615.9555,1600643.077,2026-07-11 00:00:00+00:00
1783728300000,265479266.7319,1222598.0714,2026-07-11 00:05:00+00:00
1783728600000,264790302.461,1301785.8345,2026-07-11 00:10:00+00:00
1783728900000,264873997.0285,941884.8923,2026-07-11 00:15:00+00:00
1783729200000,265138989.1975,1321223.0971,2026-07-11 00:20:00+00:00
1783729500000,265135837.6023,411049.3271,2026-07-11 00:25:00+00:00
1783729800000,265177827.5416,592773.3154,2026-07-11 00:30:00+00:00
1783730100000,265403694.3664,883127.2355,2026-07-11 00:35:00+00:00
1783730400000,265437125.7905,867113.1118,2026-07-11 00:40:00+00:00
1783730700000,265535190.0203,511798.7864,2026-07-11 00:45:00+00:00
1783731000000,265864464.1943,881998.8634,2026-07-11 00:50:00+00:00
1783731300000,265845153.3398,634782.2098,2026-07-11 00:55:00+00:00
1783731600000,265934280.9296,438769.8648,2026-07-11 01:00:00+00:00
1783731900000,265912967.1417,343003.5539,2026-07-11 01:05:00+00:00
1783732200000,265866415.916,589694.9326,2026-07-11 01:10:00+00:00
1783732500000,266289894.2818,1625485.6217,2026-07-11 01:15:00+00:00
1783732800000,266000299.645,1074935.3474,2026-07-11 01:20:00+00:00
1783733100000,265901029.4049,1178141.2314,2026-07-11 01:25:00+00:00
1783733400000,266021141.5956,434826.8809,2026-07-11 01:30:00+00:00
1783733700000,266154604.54,810305.6937,2026-07-11 01:35:00+00:00
1783734000000,265662120.6152,4911969.0656,2026-07-11 01:40:00+00:00
1783734300000,265440021.9978,3237918.8654,2026-07-11 01:45:00+00:00
1783734600000,265289029.9234,1455993.1306,2026-07-11 01:50:00+00:00
1783734900000,265138531.5834,660751.1811,2026-07-11 01:55:00+00:00
1783735200000,265132450.1422,710420.1083,2026-07-11 02:00:00+00:00
1783735500000,265531702.8603,1557582.5476,2026-07-11 02:05:00+00:00
1783735800000,265474239.204,985676.4631,2026-07-11 02:10:00+00:00
1783736100000,265375310.4566,584381.1398,2026-07-11 02:15:00+00:00
1783736400000,265366171.3732,365603.8665,2026-07-11 02:20:00+00:00
1783736700000,265473170.753,478590.2724,2026-07-11 02:25:00+00:00
1783737000000,265463076.2445,101081.5975,2026-07-11 02:30:00+00:00
1783737300000,265502547.2075,830217.2579,2026-07-11 02:35:00+00:00
1783737600000,265511076.5844,309585.6745,2026-07-11 02:40:00+00:00
1783737900000,265315589.773,1280544.0036,2026-07-11 02:45:00+00:00
1783738200000,265064018.6396,1045726.3643,2026-07-11 02:50:00+00:00
1783738500000,265113411.888,583313.3789,2026-07-11 02:55:00+00:00
1783738800000,265086398.0238,655018.4903,2026-07-11 03:00:00+00:00
1783739100000,265088852.1983,640278.0669,2026-07-11 03:05:00+00:00
1783739400000,265085610.7618,1073313.8566,2026-07-11 03:10:00+00:00
1783739700000,265074670.7334,921743.1255,2026-07-11 03:15:00+00:00
1783740000000,264850425.0931,2261430.609,2026-07-11 03:20:00+00:00
1783740300000,264966720.7655,635954.6986,2026-07-11 03:25:00+00:00
1783740600000,264967810.4332,392532.118,2026-07-11 03:30:00+00:00
1783740900000,265373700.208,1029848.0034,2026-07-11 03:35:00+00:00
1783741200000,265347849.0781,523180.8366,2026-07-11 03:40:00+00:00
1783741500000,265413075.4792,569761.7729,2026-07-11 03:45:00+00:00
1783741800000,265394386.6697,413772.4039,2026-07-11 03:50:00+00:00
1783742100000,265426239.1958,218451.6971,2026-07-11 03:55:00+00:00
1783742400000,265412807.8091,989933.8925,2026-07-11 04:00:00+00:00
1783742700000,265939287.1914,982615.7558,2026-07-11 04:05:00+00:00
1783743000000,266001983.0245,475916.6064,2026-07-11 04:10:00+00:00
1783743300000,265887463.3362,585391.9527,2026-07-11 04:15:00+00:00
1783743600000,265775152.1127,980970.4242,2026-07-11 04:20:00+00:00
1783743900000,265783100.3012,289763.8222,2026-07-11 04:25:00+00:00
1783744200000,265871161.2113,555274.1543,2026-07-11 04:30:00+00:00
1783744500000,265933222.874,263534.4388,2026-07-11 04:35:00+00:00
1783744800000,266063560.3306,706631.7983,2026-07-11 04:40:00+00:00
1783745100000,266282739.6029,551829.6293,2026-07-11 04:45:00+00:00
1783745400000,266364081.5041,477570.552,2026-07-11 04:50:00+00:00
1783745700000,266693644.6034,647349.7591,2026-07-11 04:55:00+00:00
1783746000000,266745526.8398,307513.4539,2026-07-11 05:00:00+00:00
1783746300000,266851496.9337,1192602.7976,2026-07-11 05:05:00+00:00
1783746600000,266787619.4092,549367.8463,2026-07-11 05:10:00+00:00
1783746900000,266589767.2062,618464.3643,2026-07-11 05:15:00+00:00
1783747200000,266560871.5707,230095.6274,2026-07-11 05:20:00+00:00
1783747500000,266578323.003,435177.9162,2026-07-11 05:25:00+00:00
1783747800000,266678786.2377,760039.4875,2026-07-11 05:30:00+00:00
1783748100000,266679456.7226,1137715.0299,2026-07-11 05:35:00+00:00
1783748400000,266952508.1809,886487.4938,2026-07-11 05:40:00+00:00
1783748700000,267186211.609,2075692.2443,2026-07-11 05:45:00+00:00
1783749000000,267305769.7183,573238.5813,2026-07-11 05:50:00+00:00
1783749300000,267276584.5304,228037.3812,2026-07-11 05:55:00+00:00
1783749600000,267257606.4349,265818.739,2026-07-11 06:00:00+00:00
1783749900000,267204117.4098,1646329.9021,2026-07-11 06:05:00+00:00
1783750200000,267177009.884,210917.3269,2026-07-11 06:10:00+00:00
1783750500000,267114729.665,449718.9685,2026-07-11 06:15:00+00:00
1783750800000,267123941.3323,264679.2027,2026-07-11 06:20:00+00:00
1783751100000,267319216.2752,1946839.5835,2026-07-11 06:25:00+00:00
1783751400000,268161497.9254,2936814.2961,2026-07-11 06:30:00+00:00
1783751700000,267896820.8774,1416337.9287,2026-07-11 06:35:00+00:00
1783752000000,268037200.6688,544018.7253,2026-07-11 06:40:00+00:00
1783752300000,267908059.4299,817409.4807,2026-07-11 06:45:00+00:00
1783752600000,267903119.5827,665743.6888,2026-07-11 06:50:00+00:00
1783752900000,267982454.7302,1151793.7589,2026-07-11 06:55:00+00:00
1783753200000,267880937.7261,500281.9433,2026-07-11 07:00:00+00:00
1783753500000,267867438.6749,1472883.168,2026-07-11 07:05:00+00:00
1783753800000,267694087.9096,1100230.0668,2026-07-11 07:10:00+00:00
1783754100000,267498302.0874,766857.5319,2026-07-11 07:15:00+00:00
1783754400000,267524279.7445,455066.2022,2026-07-11 07:20:00+00:00
1783754700000,267477328.2887,343939.3701,2026-07-11 07:25:00+00:00
1783755000000,267295557.5515,772608.914,2026-07-11 07:30:00+00:00
1783755300000,267402034.8634,497349.7547,2026-07-11 07:35:00+00:00
1783755600000,267549548.2352,346203.7101,2026-07-11 07:40:00+00:00
1783755900000,267591386.6645,619311.5779,2026-07-11 07:45:00+00:00
1783756200000,267869885.1074,574159.4001,2026-07-11 07:50:00+00:00
1783756500000,267901890.4741,275662.0344,2026-07-11 07:55:00+00:00
1783756800000,267901890.4741,583688.1856,2026-07-11 08:00:00+00:00
1783757100000,267640261.8398,747949.8625,2026-07-11 08:05:00+00:00
1783757400000,267623285.5253,546396.2411,2026-07-11 08:10:00+00:00
1783757700000,267588552.4476,1129784.402,2026-07-11 08:15:00+00:00
1783758000000,267589145.7897,245531.7449,2026-07-11 08:20:00+00:00
1783758300000,267803105.167,631431.5759,2026-07-11 08:25:00+00:00
1783758600000,268103922.5155,524456.6245,2026-07-11 08:30:00+00:00
1783758900000,268195930.5399,616592.5907,2026-07-11 08:35:00+00:00
1783759200000,268263447.7975,390787.7854,2026-07-11 08:40:00+00:00
1783759500000,267153413.8706,3785664.5885,2026-07-11 08:45:00+00:00
1783759800000,267211463.0595,560347.2522,2026-07-11 08:50:00+00:00
1783760100000,267256268.0597,202005.8044,2026-07-11 08:55:00+00:00
1783760400000,267453955.9921,1548882.6363,2026-07-11 09:00:00+00:00
1783760700000,265740193.0417,6010399.6637,2026-07-11 09:05:00+00:00
1783761000000,266175458.064,2031760.3523,2026-07-11 09:10:00+00:00
1783761300000,266054395.6598,831585.4277,2026-07-11 09:15:00+00:00
1783761600000,266035980.3234,790768.9134,2026-07-11 09:20:00+00:00
1783761900000,266137685.1415,793631.8755,2026-07-11 09:25:00+00:00
1783762200000,266210904.9369,1670878.3191,2026-07-11 09:30:00+00:00
1783762500000,265381906.8082,2334165.7933,2026-07-11 09:35:00+00:00
1783762800000,265542697.3565,929328.661,2026-07-11 09:40:00+00:00
1783763100000,265572895.1918,460201.393,2026-07-11 09:45:00+00:00
1783763400000,266124535.7557,4851589.626,2026-07-11 09:50:00+00:00
1783763700000,266130471.8524,688311.6071,2026-07-11 09:55:00+00:00
1783764000000,266079351.522,851423.921,2026-07-11 10:00:00+00:00
1783764300000,265991480.3765,5856245.0557,2026-07-11 10:05:00+00:00
1783764600000,265298673.7394,2181200.9466,2026-07-11 10:10:00+00:00
1783764900000,265227803.9721,678483.5748,2026-07-11 10:15:00+00:00
1783765200000,265232513.3485,1216219.502,2026-07-11 10:20:00+00:00
1783765500000,265289468.6688,282156.9265,2026-07-11 10:25:00+00:00
1783765800000,265066504.3109,1000257.1733,2026-07-11 10:30:00+00:00
1783766100000,265207565.6544,531167.5619,2026-07-11 10:35:00+00:00
1783766400000,265470356.0385,1326497.1489,2026-07-11 10:40:00+00:00
1783766700000,265210399.0515,1554467.1134,2026-07-11 10:45:00+00:00
1783767000000,265246716.5501,1975508.7359,2026-07-11 10:50:00+00:00
1783767300000,265960339.455,2390447.5385,2026-07-11 10:55:00+00:00
1783767600000,266169835.519,894706.8846,2026-07-11 11:00:00+00:00
1783767900000,266046472.3202,1224977.0483,2026-07-11 11:05:00+00:00
1783768200000,265980909.9637,644955.0055,2026-07-11 11:10:00+00:00
1783768500000,265968378.0558,954627.9223,2026-07-11 11:15:00+00:00
1783768800000,266440775.6124,829739.246,2026-07-11 11:20:00+00:00
1783769100000,266440087.2441,333786.6886,2026-07-11 11:25:00+00:00
1783769400000,266372077.5729,235373.091,2026-07-11 11:30:00+00:00
1783769700000,266329027.786,231896.126,2026-07-11 11:35:00+00:00
1783770000000,266352042.4415,474004.8043,2026-07-11 11:40:00+00:00
1783770300000,266384611.3124,412738.2066,2026-07-11 11:45:00+00:00
1783770600000,265770183.5801,1747753.9517,2026-07-11 11:50:00+00:00
1783770900000,265709037.3736,369621.4123,2026-07-11 11:55:00+00:00
1783771200000,265701971.2018,369262.0755,2026-07-11 12:00:00+00:00
1783771500000,265882509.5249,2142969.8464,2026-07-11 12:05:00+00:00
1783771800000,265972822.4861,1317859.3463,2026-07-11 12:10:00+00:00
1783772100000,265901154.5761,475650.3515,2026-07-11 12:15:00+00:00
1783772400000,266004129.5163,504973.1255,2026-07-11 12:20:00+00:00
1783772700000,265808826.2622,695545.2266,2026-07-11 12:25:00+00:00
1783773000000,265803142.0001,99742.9677,2026-07-11 12:30:00+00:00
1783773300000,265613165.5742,1444224.2381,2026-07-11 12:35:00+00:00
1783773600000,265408095.5492,817512.6719,2026-07-11 12:40:00+00:00
1783773900000,265644605.1501,776144.1839,2026-07-11 12:45:00+00:00
1783774200000,265647355.8972,484161.2509,2026-07-11 12:50:00+00:00
1783774500000,265618876.9576,457274.2173,2026-07-11 12:55:00+00:00
1783774800000,265619703.9364,423119.1291,2026-07-11 13:00:00+00:00
1783775100000,265395333.5716,506713.4984,2026-07-11 13:05:00+00:00
1783775400000,265403754.5035,567256.4048,2026-07-11 13:10:00+00:00
1783775700000,265285925.0706,553782.8165,2026-07-11 13:15:00+00:00
1783776000000,265164330.2508,856847.5632,2026-07-11 13:20:00+00:00
1783776300000,265100312.4735,1747784.8187,2026-07-11 13:25:00+00:00
1783776600000,264980892.0489,1730326.0159,2026-07-11 13:30:00+00:00
1783776900000,264687853.6938,3245428.5636,2026-07-11 13:35:00+00:00
1783777200000,264643910.6414,1247782.5233,2026-07-11 13:40:00+00:00
1783777500000,264752308.618,532525.0764,2026-07-11 13:45:00+00:00
1783777800000,264481935.513,1345667.2337,2026-07-11 13:50:00+00:00
1783778100000,264430664.3487,756527.7717,2026-07-11 13:55:00+00:00
1783778400000,264556549.6984,553924.2669,2026-07-11 14:00:00+00:00
1783778700000,264446634.2361,909936.2696,2026-07-11 14:05:00+00:00
1783779000000,264446111.6807,1410854.468,2026-07-11 14:10:00+00:00
1783779300000,264725897.679,969436.3516,2026-07-11 14:15:00+00:00
1783779600000,265023997.5765,1428321.4854,2026-07-11 14:20:00+00:00
1783779900000,264854171.2125,2845287.6331,2026-07-11 14:25:00+00:00
1783780200000,265187795.5518,2465038.0258,2026-07-11 14:30:00+00:00
1783780500000,265214960.1128,2308578.8263,2026-07-11 14:35:00+00:00
1783780800000,264141011.1552,10130398.3756,2026-07-11 14:40:00+00:00
1783781100000,264455786.5539,3280954.4343,2026-07-11 14:45:00+00:00
1783781400000,264573347.9819,1118016.5827,2026-07-11 14:50:00+00:00
1783781700000,264666383.0373,864421.3507,2026-07-11 14:55:00+00:00
1783782000000,264567987.5557,742538.9236,2026-07-11 15:00:00+00:00
1783782300000,264502445.9267,765597.4563,2026-07-11 15:05:00+00:00
1783782600000,264602077.6127,966398.4992,2026-07-11 15:10:00+00:00
1783782900000,264535616.9774,5698158.678,2026-07-11 15:15:00+00:00
1783783200000,264357828.0076,1519279.6168,2026-07-11 15:20:00+00:00
1783783500000,264285515.8536,8312655.7624,2026-07-11 15:25:00+00:00
1783783800000,264675187.6704,1891632.9328,2026-07-11 15:30:00+00:00
1783784100000,264810880.3866,1358438.9177,2026-07-11 15:35:00+00:00
1783784400000,263374904.0167,17479468.9742,2026-07-11 15:40:00+00:00
1783784700000,262953305.9781,3969982.1671,2026-07-11 15:45:00+00:00
1783785000000,263665585.56,12069452.4793,2026-07-11 15:50:00+00:00
