tradeId,ts,px,sz,side,datetime_utc
2779363682,1783784230849,64386.6,8.52,buy,2026-07-11 15:37:10.849000+00:00
2779363667,1783784230849,64385.7,0.08,buy,2026-07-11 15:37:10.849000+00:00
2779363668,1783784230849,64385.7,0.01,buy,2026-07-11 15:37:10.849000+00:00
2779363669,1783784230849,64385.7,0.01,buy,2026-07-11 15:37:10.849000+00:00
2779363670,1783784230849,64385.9,0.01,buy,2026-07-11 15:37:10.849000+00:00
2779363671,1783784230849,64386.0,0.03,buy,2026-07-11 15:37:10.849000+00:00
2779363672,1783784230849,64386.0,1.24,buy,2026-07-11 15:37:10.849000+00:00
2779363673,1783784230849,64386.0,0.01,buy,2026-07-11 15:37:10.849000+00:00
2779363674,1783784230849,64386.0,0.01,buy,2026-07-11 15:37:10.849000+00:00
2779363675,1783784230849,64386.4,0.01,buy,2026-07-11 15:37:10.849000+00:00
2779363676,1783784230849,64386.4,6.21,buy,2026-07-11 15:37:10.849000+00:00
2779363677,1783784230849,64386.5,0.01,buy,2026-07-11 15:37:10.849000+00:00
2779363678,1783784230849,64386.5,6.23,buy,2026-07-11 15:37:10.849000+00:00
2779363679,1783784230849,64386.5,0.65,buy,2026-07-11 15:37:10.849000+00:00
2779363680,1783784230849,64386.6,0.22,buy,2026-07-11 15:37:10.849000+00:00
2779363681,1783784230849,64386.6,1.25,buy,2026-07-11 15:37:10.849000+00:00
2779363666,1783784230849,64385.7,0.04,buy,2026-07-11 15:37:10.849000+00:00
2779363651,1783784230849,64385.0,0.01,buy,2026-07-11 15:37:10.849000+00:00
2779363652,1783784230849,64385.3,0.01,buy,2026-07-11 15:37:10.849000+00:00
2779363653,1783784230849,64385.5,0.01,buy,2026-07-11 15:37:10.849000+00:00
2779363654,1783784230849,64385.6,0.01,buy,2026-07-11 15:37:10.849000+00:00
2779363655,1783784230849,64385.6,1.51,buy,2026-07-11 15:37:10.849000+00:00
2779363656,1783784230849,64385.7,0.01,buy,2026-07-11 15:37:10.849000+00:00
2779363657,1783784230849,64385.7,0.04,buy,2026-07-11 15:37:10.849000+00:00
2779363658,1783784230849,64385.7,0.09,buy,2026-07-11 15:37:10.849000+00:00
2779363659,1783784230849,64385.7,0.04,buy,2026-07-11 15:37:10.849000+00:00
2779363660,1783784230849,64385.7,0.08,buy,2026-07-11 15:37:10.849000+00:00
2779363661,1783784230849,64385.7,0.01,buy,2026-07-11 15:37:10.849000+00:00
2779363662,1783784230849,64385.7,0.04,buy,2026-07-11 15:37:10.849000+00:00
2779363663,1783784230849,64385.7,0.09,buy,2026-07-11 15:37:10.849000+00:00
2779363664,1783784230849,64385.7,0.68,buy,2026-07-11 15:37:10.849000+00:00
2779363665,1783784230849,64385.7,0.01,buy,2026-07-11 15:37:10.849000+00:00
2779363649,1783784230849,64384.9,0.4,buy,2026-07-11 15:37:10.849000+00:00
2779363648,1783784230849,64384.8,0.01,buy,2026-07-11 15:37:10.849000+00:00
2779363647,1783784230849,64384.8,0.01,buy,2026-07-11 15:37:10.849000+00:00
2779363646,1783784230849,64384.6,0.01,buy,2026-07-11 15:37:10.849000+00:00
2779363645,1783784230849,64384.4,0.01,buy,2026-07-11 15:37:10.849000+00:00
2779363644,1783784230849,64384.3,2.42,buy,2026-07-11 15:37:10.849000+00:00
2779363643,1783784230849,64384.2,0.01,buy,2026-07-11 15:37:10.849000+00:00
2779363642,1783784230849,64384.2,3.0,buy,2026-07-11 15:37:10.849000+00:00
2779363641,1783784230849,64384.1,0.01,buy,2026-07-11 15:37:10.849000+00:00
2779363640,1783784230849,64384.0,0.01,buy,2026-07-11 15:37:10.849000+00:00
2779363639,1783784230849,64384.0,8.26,buy,2026-07-11 15:37:10.849000+00:00
2779363638,1783784230849,64383.9,0.01,buy,2026-07-11 15:37:10.849000+00:00
2779363637,1783784230849,64383.9,0.74,buy,2026-07-11 15:37:10.849000+00:00
2779363636,1783784230849,64383.9,0.01,buy,2026-07-11 15:37:10.849000+00:00
2779363635,1783784230849,64383.8,0.01,buy,2026-07-11 15:37:10.849000+00:00
2779363650,1783784230849,64384.9,0.74,buy,2026-07-11 15:37:10.849000+00:00
2779363634,1783784230849,64383.8,0.01,buy,2026-07-11 15:37:10.849000+00:00
2779363619,1783784230849,64383.6,0.04,buy,2026-07-11 15:37:10.849000+00:00
2779363620,1783784230849,64383.6,0.08,buy,2026-07-11 15:37:10.849000+00:00
2779363621,1783784230849,64383.6,0.01,buy,2026-07-11 15:37:10.849000+00:00
2779363622,1783784230849,64383.6,0.01,buy,2026-07-11 15:37:10.849000+00:00
2779363623,1783784230849,64383.6,0.09,buy,2026-07-11 15:37:10.849000+00:00
2779363624,1783784230849,64383.6,0.01,buy,2026-07-11 15:37:10.849000+00:00
2779363625,1783784230849,64383.6,0.04,buy,2026-07-11 15:37:10.849000+00:00
2779363626,1783784230849,64383.6,0.01,buy,2026-07-11 15:37:10.849000+00:00
2779363627,1783784230849,64383.6,0.01,buy,2026-07-11 15:37:10.849000+00:00
2779363628,1783784230849,64383.6,0.08,buy,2026-07-11 15:37:10.849000+00:00
2779363629,1783784230849,64383.6,0.04,buy,2026-07-11 15:37:10.849000+00:00
2779363630,1783784230849,64383.6,0.09,buy,2026-07-11 15:37:10.849000+00:00
2779363631,1783784230849,64383.6,0.01,buy,2026-07-11 15:37:10.849000+00:00
2779363632,1783784230849,64383.6,0.04,buy,2026-07-11 15:37:10.849000+00:00
2779363633,1783784230849,64383.6,1.74,buy,2026-07-11 15:37:10.849000+00:00
2779363601,1783784230849,64382.1,0.02,buy,2026-07-11 15:37:10.849000+00:00
2779363600,1783784230849,64381.1,0.08,buy,2026-07-11 15:37:10.849000+00:00
2779363599,1783784230849,64381.1,0.01,buy,2026-07-11 15:37:10.849000+00:00
2779363598,1783784230849,64381.1,0.02,buy,2026-07-11 15:37:10.849000+00:00
2779363613,1783784230849,64383.5,0.74,buy,2026-07-11 15:37:10.849000+00:00
2779363612,1783784230849,64383.5,0.01,buy,2026-07-11 15:37:10.849000+00:00
2779363611,1783784230849,64383.5,0.22,buy,2026-07-11 15:37:10.849000+00:00
2779363610,1783784230849,64383.5,0.01,buy,2026-07-11 15:37:10.849000+00:00
2779363609,1783784230849,64383.5,0.02,buy,2026-07-11 15:37:10.849000+00:00
2779363608,1783784230849,64383.5,0.18,buy,2026-07-11 15:37:10.849000+00:00
2779363607,1783784230849,64383.4,0.01,buy,2026-07-11 15:37:10.849000+00:00
2779363606,1783784230849,64383.3,0.01,buy,2026-07-11 15:37:10.849000+00:00
2779363605,1783784230849,64382.6,0.01,buy,2026-07-11 15:37:10.849000+00:00
2779363604,1783784230849,64382.4,7.77,buy,2026-07-11 15:37:10.849000+00:00
2779363603,1783784230849,64382.3,0.02,buy,2026-07-11 15:37:10.849000+00:00
2779363618,1783784230849,64383.6,0.01,buy,2026-07-11 15:37:10.849000+00:00
2779363617,1783784230849,64383.6,0.09,buy,2026-07-11 15:37:10.849000+00:00
2779363616,1783784230849,64383.6,0.04,buy,2026-07-11 15:37:10.849000+00:00
2779363615,1783784230849,64383.5,0.01,buy,2026-07-11 15:37:10.849000+00:00
2779363614,1783784230849,64383.5,0.02,buy,2026-07-11 15:37:10.849000+00:00
2779363602,1783784230849,64382.2,1.64,buy,2026-07-11 15:37:10.849000+00:00
2779363684,1783784231262,64386.6,4.65,buy,2026-07-11 15:37:11.262000+00:00
2779363683,1783784231262,64386.6,0.02,buy,2026-07-11 15:37:11.262000+00:00
2779363685,1783784231314,64386.6,0.07,buy,2026-07-11 15:37:11.314000+00:00
2779363686,1783784231487,64386.5,1.4,sell,2026-07-11 15:37:11.487000+00:00
2779363687,1783784231551,64386.6,26.54,buy,2026-07-11 15:37:11.551000+00:00
2779363689,1783784231808,64386.6,0.09,buy,2026-07-11 15:37:11.808000+00:00
2779363688,1783784231808,64386.6,0.01,buy,2026-07-11 15:37:11.808000+00:00
2779363690,1783784232251,64386.5,63.82,sell,2026-07-11 15:37:12.251000+00:00
2779363691,1783784232397,64386.6,0.2,buy,2026-07-11 15:37:12.397000+00:00
2779363692,1783784232440,64386.6,0.01,buy,2026-07-11 15:37:12.440000+00:00
2779363693,1783784233008,64386.6,0.07,buy,2026-07-11 15:37:13.008000+00:00
2779363694,1783784233192,64386.5,6.67,sell,2026-07-11 15:37:13.192000+00:00
2779363695,1783784233192,64386.5,2.32,sell,2026-07-11 15:37:13.192000+00:00
2779363696,1783784233192,64386.5,0.01,sell,2026-07-11 15:37:13.192000+00:00
2779363697,1783784233192,64386.5,30.13,sell,2026-07-11 15:37:13.192000+00:00
2779417787,1783784421525,64099.9,22.87,sell,2026-07-11 15:40:21.525000+00:00
2779417788,1783784421616,64099.9,8.66,sell,2026-07-11 15:40:21.616000+00:00
2779417789,1783784422030,64100.0,0.33,buy,2026-07-11 15:40:22.030000+00:00
2779417790,1783784422110,64100.0,0.16,buy,2026-07-11 15:40:22.110000+00:00
2779417795,1783784422265,64099.9,4.57,sell,2026-07-11 15:40:22.265000+00:00
2779417793,1783784422265,64099.9,0.01,sell,2026-07-11 15:40:22.265000+00:00
2779417792,1783784422265,64099.9,0.01,sell,2026-07-11 15:40:22.265000+00:00
2779417791,1783784422265,64099.9,0.02,sell,2026-07-11 15:40:22.265000+00:00
2779417794,1783784422265,64099.9,0.01,sell,2026-07-11 15:40:22.265000+00:00
2779417796,1783784422650,64100.0,0.05,buy,2026-07-11 15:40:22.650000+00:00
2779417797,1783784422922,64100.0,20.94,buy,2026-07-11 15:40:22.922000+00:00
2779417798,1783784422975,64099.9,0.43,sell,2026-07-11 15:40:22.975000+00:00
2779417799,1783784423134,64100.0,2.01,buy,2026-07-11 15:40:23.134000+00:00
2779417800,1783784423155,64100.0,3.12,buy,2026-07-11 15:40:23.155000+00:00
2779417801,1783784423157,64099.9,0.01,sell,2026-07-11 15:40:23.157000+00:00
2779417802,1783784423197,64100.0,0.09,buy,2026-07-11 15:40:23.197000+00:00
2779417803,1783784423556,64099.9,8.13,sell,2026-07-11 15:40:23.556000+00:00
2779417804,1783784423658,64099.9,0.3,sell,2026-07-11 15:40:23.658000+00:00
2779417805,1783784423931,64100.0,14.91,buy,2026-07-11 15:40:23.931000+00:00
2779417807,1783784423931,64100.0,45.58,buy,2026-07-11 15:40:23.931000+00:00
2779417806,1783784423931,64100.0,5.55,buy,2026-07-11 15:40:23.931000+00:00
2779417808,1783784424361,64100.0,0.92,buy,2026-07-11 15:40:24.361000+00:00
2779417809,1783784424405,64100.0,0.46,buy,2026-07-11 15:40:24.405000+00:00
2779417810,1783784424534,64100.0,1.0,buy,2026-07-11 15:40:24.534000+00:00
2779417811,1783784424584,64100.0,1.59,buy,2026-07-11 15:40:24.584000+00:00
2779417812,1783784424746,64099.9,0.08,sell,2026-07-11 15:40:24.746000+00:00
2779417813,1783784424831,64100.0,0.45,buy,2026-07-11 15:40:24.831000+00:00
2779417820,1783784424831,64100.0,0.01,buy,2026-07-11 15:40:24.831000+00:00
2779417814,1783784424831,64100.0,0.01,buy,2026-07-11 15:40:24.831000+00:00
2779417819,1783784424831,64100.0,0.01,buy,2026-07-11 15:40:24.831000+00:00
2779417821,1783784424831,64100.0,3.28,buy,2026-07-11 15:40:24.831000+00:00
2779417816,1783784424831,64100.0,0.01,buy,2026-07-11 15:40:24.831000+00:00
2779417818,1783784424831,64100.0,0.01,buy,2026-07-11 15:40:24.831000+00:00
2779417815,1783784424831,64100.0,0.01,buy,2026-07-11 15:40:24.831000+00:00
2779417817,1783784424831,64100.0,0.01,buy,2026-07-11 15:40:24.831000+00:00
2779417828,1783784424848,64100.0,4.2,buy,2026-07-11 15:40:24.848000+00:00
2779417823,1783784424848,64100.0,0.01,buy,2026-07-11 15:40:24.848000+00:00
2779417827,1783784424848,64100.0,0.01,buy,2026-07-11 15:40:24.848000+00:00
2779417826,1783784424848,64100.0,0.01,buy,2026-07-11 15:40:24.848000+00:00
2779417825,1783784424848,64100.0,5.19,buy,2026-07-11 15:40:24.848000+00:00
2779417822,1783784424848,64100.0,12.32,buy,2026-07-11 15:40:24.848000+00:00
2779417824,1783784424848,64100.0,0.03,buy,2026-07-11 15:40:24.848000+00:00
2779417829,1783784424950,64100.0,2.0,buy,2026-07-11 15:40:24.950000+00:00
2779417830,1783784424982,64100.0,0.24,buy,2026-07-11 15:40:24.982000+00:00
2779417831,1783784425065,64100.0,0.01,buy,2026-07-11 15:40:25.065000+00:00
2779417832,1783784425232,64100.0,0.2,buy,2026-07-11 15:40:25.232000+00:00
2779417839,1783784425258,64100.0,0.01,buy,2026-07-11 15:40:25.258000+00:00
2779417840,1783784425258,64100.0,0.01,buy,2026-07-11 15:40:25.258000+00:00
2779417835,1783784425258,64100.0,0.01,buy,2026-07-11 15:40:25.258000+00:00
2779417836,1783784425258,64100.0,0.01,buy,2026-07-11 15:40:25.258000+00:00
2779417838,1783784425258,64100.0,0.04,buy,2026-07-11 15:40:25.258000+00:00
2779417837,1783784425258,64100.0,34.4,buy,2026-07-11 15:40:25.258000+00:00
2779417841,1783784425258,64100.0,0.14,buy,2026-07-11 15:40:25.258000+00:00
2779417842,1783784425258,64100.0,6.23,buy,2026-07-11 15:40:25.258000+00:00
2779417834,1783784425258,64100.0,7.8,buy,2026-07-11 15:40:25.258000+00:00
2779417833,1783784425258,64100.0,1.35,buy,2026-07-11 15:40:25.258000+00:00
2779417843,1783784425761,64100.0,0.01,buy,2026-07-11 15:40:25.761000+00:00
2779417844,1783784425773,64100.0,15.12,buy,2026-07-11 15:40:25.773000+00:00
2779417846,1783784425773,64100.0,0.01,buy,2026-07-11 15:40:25.773000+00:00
2779417845,1783784425773,64100.0,40.44,buy,2026-07-11 15:40:25.773000+00:00
2779417850,1783784425773,64100.0,5.56,buy,2026-07-11 15:40:25.773000+00:00
2779417849,1783784425773,64100.0,26.03,buy,2026-07-11 15:40:25.773000+00:00
2779417848,1783784425773,64100.0,64.52,buy,2026-07-11 15:40:25.773000+00:00
2779417847,1783784425773,64100.0,48.32,buy,2026-07-11 15:40:25.773000+00:00
2779417851,1783784425774,64100.0,50.0,buy,2026-07-11 15:40:25.774000+00:00
2779417852,1783784425776,64100.0,0.94,buy,2026-07-11 15:40:25.776000+00:00
2779417853,1783784425783,64099.9,0.13,sell,2026-07-11 15:40:25.783000+00:00
2779417862,1783784425809,64099.9,2.49,sell,2026-07-11 15:40:25.809000+00:00
2779417858,1783784425809,64099.9,0.01,sell,2026-07-11 15:40:25.809000+00:00
2779417857,1783784425809,64099.9,0.01,sell,2026-07-11 15:40:25.809000+00:00
2779417856,1783784425809,64099.9,0.01,sell,2026-07-11 15:40:25.809000+00:00
2779417854,1783784425809,64099.9,4.94,sell,2026-07-11 15:40:25.809000+00:00
2779417863,1783784425809,64099.9,2.91,sell,2026-07-11 15:40:25.809000+00:00
2779417861,1783784425809,64099.9,0.4,sell,2026-07-11 15:40:25.809000+00:00
2779417860,1783784425809,64099.9,0.01,sell,2026-07-11 15:40:25.809000+00:00
2779417859,1783784425809,64099.9,0.01,sell,2026-07-11 15:40:25.809000+00:00
2779417855,1783784425809,64099.9,0.01,sell,2026-07-11 15:40:25.809000+00:00
2779417864,1783784425810,64099.9,5.4,sell,2026-07-11 15:40:25.810000+00:00
2779417866,1783784425813,64099.9,0.31,sell,2026-07-11 15:40:25.813000+00:00
2779417865,1783784425813,64099.9,0.31,sell,2026-07-11 15:40:25.813000+00:00
2779417867,1783784425836,64100.0,0.3,buy,2026-07-11 15:40:25.836000+00:00
2779417868,1783784425978,64100.0,7.8,buy,2026-07-11 15:40:25.978000+00:00
2779417870,1783784425980,64099.9,3.12,sell,2026-07-11 15:40:25.980000+00:00
2779417884,1783784425980,64097.7,2.0,sell,2026-07-11 15:40:25.980000+00:00
2779417875,1783784425980,64099.9,1.97,sell,2026-07-11 15:40:25.980000+00:00
2779417876,1783784425980,64099.9,0.01,sell,2026-07-11 15:40:25.980000+00:00
2779417877,1783784425980,64099.9,0.02,sell,2026-07-11 15:40:25.980000+00:00
2779417872,1783784425980,64099.9,0.01,sell,2026-07-11 15:40:25.980000+00:00
2779417882,1783784425980,64097.7,0.01,sell,2026-07-11 15:40:25.980000+00:00
2779417879,1783784425980,64098.7,0.01,sell,2026-07-11 15:40:25.980000+00:00
2779417881,1783784425980,64097.8,0.01,sell,2026-07-11 15:40:25.980000+00:00
2779417880,1783784425980,64097.8,0.02,sell,2026-07-11 15:40:25.980000+00:00
2779417869,1783784425980,64099.9,19.06,sell,2026-07-11 15:40:25.980000+00:00
2779417883,1783784425980,64097.7,0.01,sell,2026-07-11 15:40:25.980000+00:00
2779417885,1783784425980,64097.7,0.02,sell,2026-07-11 15:40:25.980000+00:00
2779417874,1783784425980,64099.9,0.17,sell,2026-07-11 15:40:25.980000+00:00
2779417873,1783784425980,64099.9,0.01,sell,2026-07-11 15:40:25.980000+00:00
2779417878,1783784425980,64099.8,0.01,sell,2026-07-11 15:40:25.980000+00:00
2779417871,1783784425980,64099.9,5.14,sell,2026-07-11 15:40:25.980000+00:00
2779417886,1783784426019,64097.7,8.52,buy,2026-07-11 15:40:26.019000+00:00
2779435634,1783784814224,64035.2,0.01,buy,2026-07-11 15:46:54.224000+00:00
2779435633,1783784814224,64035.2,12.5,buy,2026-07-11 15:46:54.224000+00:00
2779435632,1783784814224,64035.2,17.37,buy,2026-07-11 15:46:54.224000+00:00
2779435631,1783784814224,64035.2,17.91,buy,2026-07-11 15:46:54.224000+00:00
2779435635,1783784814224,64035.2,0.01,buy,2026-07-11 15:46:54.224000+00:00
2779435636,1783784814224,64035.2,25.1,buy,2026-07-11 15:46:54.224000+00:00
2779435637,1783784814455,64035.2,0.1,buy,2026-07-11 15:46:54.455000+00:00
2779435639,1783784814455,64035.2,0.1,buy,2026-07-11 15:46:54.455000+00:00
2779435638,1783784814455,64035.2,0.1,buy,2026-07-11 15:46:54.455000+00:00
2779435640,1783784814462,64035.2,10.2,buy,2026-07-11 15:46:54.462000+00:00
2779435642,1783784814462,64035.2,26.03,buy,2026-07-11 15:46:54.462000+00:00
2779435643,1783784814462,64035.2,26.71,buy,2026-07-11 15:46:54.462000+00:00
2779435641,1783784814462,64035.2,13.73,buy,2026-07-11 15:46:54.462000+00:00
2779435644,1783784814675,64035.1,2.39,sell,2026-07-11 15:46:54.675000+00:00
2779435645,1783784814758,64035.2,0.09,buy,2026-07-11 15:46:54.758000+00:00
2779435651,1783784814915,64035.1,68.77,sell,2026-07-11 15:46:54.915000+00:00
2779435650,1783784814915,64035.1,0.01,sell,2026-07-11 15:46:54.915000+00:00
2779435652,1783784814915,64035.1,0.01,sell,2026-07-11 15:46:54.915000+00:00
2779435653,1783784814915,64035.1,10.25,sell,2026-07-11 15:46:54.915000+00:00
2779435646,1783784814915,64035.1,3.78,sell,2026-07-11 15:46:54.915000+00:00
2779435649,1783784814915,64035.1,36.01,sell,2026-07-11 15:46:54.915000+00:00
2779435647,1783784814915,64035.1,64.52,sell,2026-07-11 15:46:54.915000+00:00
2779435648,1783784814915,64035.1,21.36,sell,2026-07-11 15:46:54.915000+00:00
2779435655,1783784814919,64035.2,0.01,buy,2026-07-11 15:46:54.919000+00:00
2779435658,1783784814919,64035.2,0.01,buy,2026-07-11 15:46:54.919000+00:00
2779435659,1783784814919,64035.2,40.44,buy,2026-07-11 15:46:54.919000+00:00
2779435661,1783784814919,64035.2,30.41,buy,2026-07-11 15:46:54.919000+00:00
2779435660,1783784814919,64035.2,0.01,buy,2026-07-11 15:46:54.919000+00:00
2779435654,1783784814919,64035.2,37.72,buy,2026-07-11 15:46:54.919000+00:00
2779435657,1783784814919,64035.2,6.4,buy,2026-07-11 15:46:54.919000+00:00
2779435656,1783784814919,64035.2,3.25,buy,2026-07-11 15:46:54.919000+00:00
2779435667,1783784815778,64035.2,8.3,buy,2026-07-11 15:46:55.778000+00:00
2779435663,1783784815778,64035.2,0.01,buy,2026-07-11 15:46:55.778000+00:00
2779435664,1783784815778,64035.2,0.16,buy,2026-07-11 15:46:55.778000+00:00
2779435665,1783784815778,64035.2,0.02,buy,2026-07-11 15:46:55.778000+00:00
2779435666,1783784815778,64035.2,1.5,buy,2026-07-11 15:46:55.778000+00:00
2779435662,1783784815778,64035.2,0.01,buy,2026-07-11 15:46:55.778000+00:00
2779435668,1783784815830,64035.1,0.21,sell,2026-07-11 15:46:55.830000+00:00
2779435669,1783784815968,64035.2,0.1,buy,2026-07-11 15:46:55.968000+00:00
2779435670,1783784816101,64035.1,3.06,sell,2026-07-11 15:46:56.101000+00:00
2779435671,1783784816511,64035.2,0.01,buy,2026-07-11 15:46:56.511000+00:00
2779435672,1783784816511,64035.2,0.49,buy,2026-07-11 15:46:56.511000+00:00
2779435676,1783784816633,64035.1,0.28,sell,2026-07-11 15:46:56.633000+00:00
2779435675,1783784816633,64035.1,0.01,sell,2026-07-11 15:46:56.633000+00:00
2779435674,1783784816633,64035.1,0.01,sell,2026-07-11 15:46:56.633000+00:00
2779435673,1783784816633,64035.1,0.01,sell,2026-07-11 15:46:56.633000+00:00
2779435684,1783784816675,64035.1,0.15,sell,2026-07-11 15:46:56.675000+00:00
2779435685,1783784816675,64035.1,0.01,sell,2026-07-11 15:46:56.675000+00:00
2779435677,1783784816675,64035.1,0.72,sell,2026-07-11 15:46:56.675000+00:00
2779435679,1783784816675,64035.1,0.11,sell,2026-07-11 15:46:56.675000+00:00
2779435682,1783784816675,64035.1,0.51,sell,2026-07-11 15:46:56.675000+00:00
2779435680,1783784816675,64035.1,0.11,sell,2026-07-11 15:46:56.675000+00:00
2779435689,1783784816675,64035.1,20.54,sell,2026-07-11 15:46:56.675000+00:00
2779435678,1783784816675,64035.1,0.02,sell,2026-07-11 15:46:56.675000+00:00
2779435681,1783784816675,64035.1,0.19,sell,2026-07-11 15:46:56.675000+00:00
2779435688,1783784816675,64035.1,0.12,sell,2026-07-11 15:46:56.675000+00:00
2779435683,1783784816675,64035.1,0.01,sell,2026-07-11 15:46:56.675000+00:00
2779435686,1783784816675,64035.1,0.63,sell,2026-07-11 15:46:56.675000+00:00
2779435687,1783784816675,64035.1,21.36,sell,2026-07-11 15:46:56.675000+00:00
2779435690,1783784816794,64035.2,0.05,buy,2026-07-11 15:46:56.794000+00:00
2779435691,1783784816948,64035.1,1.71,sell,2026-07-11 15:46:56.948000+00:00
2779435692,1783784816948,64035.1,1.09,sell,2026-07-11 15:46:56.948000+00:00
2779435700,1783784816951,64035.2,5.41,buy,2026-07-11 15:46:56.951000+00:00
2779435699,1783784816951,64035.2,0.15,buy,2026-07-11 15:46:56.951000+00:00
2779435693,1783784816951,64035.2,1.75,buy,2026-07-11 15:46:56.951000+00:00
2779435694,1783784816951,64035.2,0.01,buy,2026-07-11 15:46:56.951000+00:00
2779435695,1783784816951,64035.2,0.01,buy,2026-07-11 15:46:56.951000+00:00
2779435696,1783784816951,64035.2,0.01,buy,2026-07-11 15:46:56.951000+00:00
2779435697,1783784816951,64035.2,0.02,buy,2026-07-11 15:46:56.951000+00:00
2779435698,1783784816951,64035.2,0.01,buy,2026-07-11 15:46:56.951000+00:00
2779435701,1783784816982,64035.2,0.08,buy,2026-07-11 15:46:56.982000+00:00
2779435702,1783784816985,64035.1,2.66,sell,2026-07-11 15:46:56.985000+00:00
2779435703,1783784817112,64035.1,5.72,sell,2026-07-11 15:46:57.112000+00:00
2779435704,1783784817169,64035.1,1.17,sell,2026-07-11 15:46:57.169000+00:00
2779435705,1783784817178,64035.2,1.86,buy,2026-07-11 15:46:57.178000+00:00
2779435706,1783784817208,64035.2,5.0,buy,2026-07-11 15:46:57.208000+00:00
2779435707,1783784817372,64035.1,0.11,sell,2026-07-11 15:46:57.372000+00:00
2779435708,1783784817481,64035.1,0.01,sell,2026-07-11 15:46:57.481000+00:00
2779435713,1783784817481,64035.1,0.01,sell,2026-07-11 15:46:57.481000+00:00
2779435710,1783784817481,64035.1,0.02,sell,2026-07-11 15:46:57.481000+00:00
2779435709,1783784817481,64035.1,0.01,sell,2026-07-11 15:46:57.481000+00:00
2779435715,1783784817481,64035.1,0.45,sell,2026-07-11 15:46:57.481000+00:00
2779435712,1783784817481,64035.1,0.01,sell,2026-07-11 15:46:57.481000+00:00
2779435714,1783784817481,64035.1,0.01,sell,2026-07-11 15:46:57.481000+00:00
2779435711,1783784817481,64035.1,2.0,sell,2026-07-11 15:46:57.481000+00:00
2779435716,1783784817590,64035.2,0.1,buy,2026-07-11 15:46:57.590000+00:00
2779435718,1783784817617,64035.1,0.3,sell,2026-07-11 15:46:57.617000+00:00
2779435717,1783784817617,64035.1,0.42,sell,2026-07-11 15:46:57.617000+00:00
2779435719,1783784817621,64035.1,0.27,sell,2026-07-11 15:46:57.621000+00:00
2779435720,1783784817641,64035.1,10.0,sell,2026-07-11 15:46:57.641000+00:00
2779435721,1783784817732,64035.1,3.84,sell,2026-07-11 15:46:57.732000+00:00
2779435722,1783784817766,64035.1,1.02,sell,2026-07-11 15:46:57.766000+00:00
2779435723,1783784817998,64035.2,15.0,buy,2026-07-11 15:46:57.998000+00:00
2779435724,1783784818233,64035.1,0.4,sell,2026-07-11 15:46:58.233000+00:00
2779435725,1783784819001,64035.1,2.45,sell,2026-07-11 15:46:59.001000+00:00
2779435726,1783784819017,64035.1,1.94,sell,2026-07-11 15:46:59.017000+00:00
2779435727,1783784819051,64035.1,30.0,sell,2026-07-11 15:46:59.051000+00:00
2779435728,1783784819115,64035.1,5.38,sell,2026-07-11 15:46:59.115000+00:00
2779435729,1783784819226,64035.2,0.54,buy,2026-07-11 15:46:59.226000+00:00
2779435730,1783784819314,64035.2,0.72,buy,2026-07-11 15:46:59.314000+00:00
2779440147,1783784863328,63995.4,0.12,buy,2026-07-11 15:47:43.328000+00:00
2779440146,1783784863328,63995.4,0.01,buy,2026-07-11 15:47:43.328000+00:00
2779440145,1783784863328,63995.3,69.77,buy,2026-07-11 15:47:43.328000+00:00
2779440144,1783784863328,63995.3,0.01,buy,2026-07-11 15:47:43.328000+00:00
2779440148,1783784863328,63995.4,39.44,buy,2026-07-11 15:47:43.328000+00:00
2779440149,1783784863481,63995.3,3.49,sell,2026-07-11 15:47:43.481000+00:00
2779440150,1783784863734,63995.3,1.56,sell,2026-07-11 15:47:43.734000+00:00
2779440151,1783784863737,63995.4,0.2,buy,2026-07-11 15:47:43.737000+00:00
2779440152,1783784863811,63995.4,50.0,buy,2026-07-11 15:47:43.811000+00:00
2779440153,1783784863913,63995.3,0.36,sell,2026-07-11 15:47:43.913000+00:00
2779440154,1783784864127,63995.4,5.03,buy,2026-07-11 15:47:44.127000+00:00
2779440155,1783784864199,63995.4,0.23,buy,2026-07-11 15:47:44.199000+00:00
2779440159,1783784864263,63995.3,14.52,sell,2026-07-11 15:47:44.263000+00:00
2779440158,1783784864263,63995.3,0.01,sell,2026-07-11 15:47:44.263000+00:00
2779440157,1783784864263,63995.3,0.01,sell,2026-07-11 15:47:44.263000+00:00
2779440156,1783784864263,63995.3,0.74,sell,2026-07-11 15:47:44.263000+00:00
2779440160,1783784864450,63995.4,7.64,buy,2026-07-11 15:47:44.450000+00:00
2779440180,1783784864516,63992.7,0.01,sell,2026-07-11 15:47:44.516000+00:00
2779440182,1783784864516,63992.6,0.01,sell,2026-07-11 15:47:44.516000+00:00
2779440181,1783784864516,63992.7,0.01,sell,2026-07-11 15:47:44.516000+00:00
2779440184,1783784864516,63992.6,0.01,sell,2026-07-11 15:47:44.516000+00:00
2779440185,1783784864516,63992.5,1.44,sell,2026-07-11 15:47:44.516000+00:00
2779440186,1783784864516,63992.5,4.0,sell,2026-07-11 15:47:44.516000+00:00
2779440183,1783784864516,63992.6,0.01,sell,2026-07-11 15:47:44.516000+00:00
2779440171,1783784864516,63994.0,0.01,sell,2026-07-11 15:47:44.516000+00:00
2779440170,1783784864516,63995.2,0.01,sell,2026-07-11 15:47:44.516000+00:00
2779440169,1783784864516,63995.3,0.01,sell,2026-07-11 15:47:44.516000+00:00
2779440164,1783784864516,63995.3,0.01,sell,2026-07-11 15:47:44.516000+00:00
2779440167,1783784864516,63995.3,1.34,sell,2026-07-11 15:47:44.516000+00:00
2779440166,1783784864516,63995.3,2.86,sell,2026-07-11 15:47:44.516000+00:00
2779440165,1783784864516,63995.3,0.1,sell,2026-07-11 15:47:44.516000+00:00
2779440187,1783784864516,63992.5,4.0,sell,2026-07-11 15:47:44.516000+00:00
2779440178,1783784864516,63993.1,0.01,sell,2026-07-11 15:47:44.516000+00:00
2779440177,1783784864516,63993.2,0.01,sell,2026-07-11 15:47:44.516000+00:00
2779440179,1783784864516,63992.8,0.01,sell,2026-07-11 15:47:44.516000+00:00
2779440168,1783784864516,63995.3,0.3,sell,2026-07-11 15:47:44.516000+00:00
2779440175,1783784864516,63993.3,0.01,sell,2026-07-11 15:47:44.516000+00:00
2779440174,1783784864516,63993.6,0.78,sell,2026-07-11 15:47:44.516000+00:00
2779440173,1783784864516,63993.6,0.01,sell,2026-07-11 15:47:44.516000+00:00
2779440172,1783784864516,63993.8,0.01,sell,2026-07-11 15:47:44.516000+00:00
2779440176,1783784864516,63993.3,1.0,sell,2026-07-11 15:47:44.516000+00:00
2779440162,1783784864516,63995.3,0.01,sell,2026-07-11 15:47:44.516000+00:00
2779440161,1783784864516,63995.3,0.01,sell,2026-07-11 15:47:44.516000+00:00
2779440163,1783784864516,63995.3,0.01,sell,2026-07-11 15:47:44.516000+00:00
2779440188,1783784864517,63992.5,4.0,sell,2026-07-11 15:47:44.517000+00:00
2779440189,1783784864517,63992.5,3.0,sell,2026-07-11 15:47:44.517000+00:00
2779440197,1783784864518,63990.4,0.01,sell,2026-07-11 15:47:44.518000+00:00
2779440198,1783784864518,63990.4,0.01,sell,2026-07-11 15:47:44.518000+00:00
2779440190,1783784864518,63992.5,5.0,sell,2026-07-11 15:47:44.518000+00:00
2779440192,1783784864518,63991.8,0.01,sell,2026-07-11 15:47:44.518000+00:00
2779440195,1783784864518,63991.3,0.01,sell,2026-07-11 15:47:44.518000+00:00
2779440193,1783784864518,63991.4,0.01,sell,2026-07-11 15:47:44.518000+00:00
2779440202,1783784864518,63990.1,3.93,sell,2026-07-11 15:47:44.518000+00:00
2779440191,1783784864518,63992.5,4.0,sell,2026-07-11 15:47:44.518000+00:00
2779440194,1783784864518,63991.4,0.01,sell,2026-07-11 15:47:44.518000+00:00
2779440201,1783784864518,63990.2,0.01,sell,2026-07-11 15:47:44.518000+00:00
2779440196,1783784864518,63990.8,0.01,sell,2026-07-11 15:47:44.518000+00:00
2779440199,1783784864518,63990.2,0.01,sell,2026-07-11 15:47:44.518000+00:00
2779440200,1783784864518,63990.2,0.01,sell,2026-07-11 15:47:44.518000+00:00
2779440207,1783784864519,63989.7,0.01,sell,2026-07-11 15:47:44.519000+00:00
2779440203,1783784864519,63990.0,0.01,sell,2026-07-11 15:47:44.519000+00:00
2779440212,1783784864519,63989.6,3.0,sell,2026-07-11 15:47:44.519000+00:00
2779440206,1783784864519,63989.8,1.56,sell,2026-07-11 15:47:44.519000+00:00
2779440213,1783784864519,63989.6,5.74,sell,2026-07-11 15:47:44.519000+00:00
2779440211,1783784864519,63989.6,4.0,sell,2026-07-11 15:47:44.519000+00:00
2779440210,1783784864519,63989.6,5.74,sell,2026-07-11 15:47:44.519000+00:00
2779440209,1783784864519,63989.6,0.23,sell,2026-07-11 15:47:44.519000+00:00
2779440208,1783784864519,63989.7,3.91,sell,2026-07-11 15:47:44.519000+00:00
2779440204,1783784864519,63990.0,0.01,sell,2026-07-11 15:47:44.519000+00:00
2779440205,1783784864519,63989.9,0.01,sell,2026-07-11 15:47:44.519000+00:00
2779440216,1783784864520,63989.6,5.74,sell,2026-07-11 15:47:44.520000+00:00
2779440214,1783784864520,63989.6,5.74,sell,2026-07-11 15:47:44.520000+00:00
2779440215,1783784864520,63989.6,4.0,sell,2026-07-11 15:47:44.520000+00:00
2779440218,1783784864520,63989.6,5.74,sell,2026-07-11 15:47:44.520000+00:00
2779440217,1783784864520,63989.6,4.0,sell,2026-07-11 15:47:44.520000+00:00
2779440224,1783784864521,63989.6,5.74,sell,2026-07-11 15:47:44.521000+00:00
2779440223,1783784864521,63989.6,0.76,sell,2026-07-11 15:47:44.521000+00:00
2779440221,1783784864521,63989.6,5.74,sell,2026-07-11 15:47:44.521000+00:00
2779440222,1783784864521,63989.6,0.76,sell,2026-07-11 15:47:44.521000+00:00
2779440219,1783784864521,63989.6,5.74,sell,2026-07-11 15:47:44.521000+00:00
2779440220,1783784864521,63989.6,3.0,sell,2026-07-11 15:47:44.521000+00:00
2779440226,1783784864522,63989.6,0.01,sell,2026-07-11 15:47:44.522000+00:00
2779440225,1783784864522,63989.6,0.76,sell,2026-07-11 15:47:44.522000+00:00
2779440227,1783784864522,63989.6,0.75,sell,2026-07-11 15:47:44.522000+00:00
2779440228,1783784864523,63989.6,0.76,sell,2026-07-11 15:47:44.523000+00:00
2779440229,1783784864523,63989.6,0.76,sell,2026-07-11 15:47:44.523000+00:00
2779440230,1783784864523,63989.6,5.74,sell,2026-07-11 15:47:44.523000+00:00
2779440231,1783784864523,63989.6,0.76,sell,2026-07-11 15:47:44.523000+00:00
2779440232,1783784864525,63989.6,0.76,sell,2026-07-11 15:47:44.525000+00:00
2779440233,1783784864525,63989.6,5.74,sell,2026-07-11 15:47:44.525000+00:00
2779440234,1783784864525,63989.6,0.76,sell,2026-07-11 15:47:44.525000+00:00
2779440235,1783784864525,63989.6,0.76,sell,2026-07-11 15:47:44.525000+00:00
2779440236,1783784864526,63989.6,0.76,sell,2026-07-11 15:47:44.526000+00:00
2779440237,1783784864549,63989.7,0.11,buy,2026-07-11 15:47:44.549000+00:00
2779440238,1783784864718,63989.6,0.41,sell,2026-07-11 15:47:44.718000+00:00
2779440239,1783784864807,63989.6,0.14,sell,2026-07-11 15:47:44.807000+00:00
2779440240,1783784864905,63989.7,5.0,buy,2026-07-11 15:47:44.905000+00:00
2779440241,1783784865038,63989.6,0.96,sell,2026-07-11 15:47:45.038000+00:00
2779440242,1783784865061,63989.6,1.0,sell,2026-07-11 15:47:45.061000+00:00
2779440243,1783784865238,63989.7,0.1,buy,2026-07-11 15:47:45.238000+00:00
2779442171,1783784902109,63998.4,0.15,sell,2026-07-11 15:48:22.109000+00:00
2779442170,1783784902109,63998.4,21.36,sell,2026-07-11 15:48:22.109000+00:00
2779442169,1783784902109,63998.4,0.02,sell,2026-07-11 15:48:22.109000+00:00
2779442168,1783784902109,63998.4,0.01,sell,2026-07-11 15:48:22.109000+00:00
2779442175,1783784902109,63998.4,28.64,sell,2026-07-11 15:48:22.109000+00:00
2779442174,1783784902109,63998.4,26.03,sell,2026-07-11 15:48:22.109000+00:00
2779442173,1783784902109,63998.4,64.52,sell,2026-07-11 15:48:22.109000+00:00
2779442172,1783784902109,63998.4,6.4,sell,2026-07-11 15:48:22.109000+00:00
2779442176,1783784902111,63998.4,0.35,sell,2026-07-11 15:48:22.111000+00:00
2779442177,1783784902116,63998.5,0.18,buy,2026-07-11 15:48:22.116000+00:00
2779442178,1783784902130,63998.4,0.4,sell,2026-07-11 15:48:22.130000+00:00
2779442219,1783784902131,63999.8,0.01,buy,2026-07-11 15:48:22.131000+00:00
2779442215,1783784902131,63999.3,0.4,buy,2026-07-11 15:48:22.131000+00:00
2779442218,1783784902131,63999.8,0.01,buy,2026-07-11 15:48:22.131000+00:00
2779442217,1783784902131,63999.5,0.01,buy,2026-07-11 15:48:22.131000+00:00
2779442216,1783784902131,63999.5,0.01,buy,2026-07-11 15:48:22.131000+00:00
2779442221,1783784902131,63999.9,0.02,buy,2026-07-11 15:48:22.131000+00:00
2779442220,1783784902131,63999.9,0.01,buy,2026-07-11 15:48:22.131000+00:00
2779442224,1783784902131,64000.0,0.01,buy,2026-07-11 15:48:22.131000+00:00
2779442225,1783784902131,64000.0,58.63,buy,2026-07-11 15:48:22.131000+00:00
2779442222,1783784902131,64000.0,0.23,buy,2026-07-11 15:48:22.131000+00:00
2779442214,1783784902131,63998.6,0.01,buy,2026-07-11 15:48:22.131000+00:00
2779442213,1783784902131,63998.6,0.03,buy,2026-07-11 15:48:22.131000+00:00
2779442212,1783784902131,63998.6,0.01,buy,2026-07-11 15:48:22.131000+00:00
2779442211,1783784902131,63998.6,0.01,buy,2026-07-11 15:48:22.131000+00:00
2779442210,1783784902131,63998.5,0.15,buy,2026-07-11 15:48:22.131000+00:00
2779442204,1783784902131,63998.5,4.0,buy,2026-07-11 15:48:22.131000+00:00
2779442205,1783784902131,63998.5,87.69,buy,2026-07-11 15:48:22.131000+00:00
2779442208,1783784902131,63998.5,15.0,buy,2026-07-11 15:48:22.131000+00:00
2779442209,1783784902131,63998.5,84.15,buy,2026-07-11 15:48:22.131000+00:00
2779442206,1783784902131,63998.5,8.0,buy,2026-07-11 15:48:22.131000+00:00
2779442207,1783784902131,63998.5,0.02,buy,2026-07-11 15:48:22.131000+00:00
2779442196,1783784902131,63998.5,0.08,buy,2026-07-11 15:48:22.131000+00:00
2779442197,1783784902131,63998.5,0.12,buy,2026-07-11 15:48:22.131000+00:00
2779442198,1783784902131,63998.5,36.01,buy,2026-07-11 15:48:22.131000+00:00
2779442199,1783784902131,63998.5,40.44,buy,2026-07-11 15:48:22.131000+00:00
2779442183,1783784902131,63998.5,0.01,buy,2026-07-11 15:48:22.131000+00:00
2779442182,1783784902131,63998.5,0.01,buy,2026-07-11 15:48:22.131000+00:00
2779442181,1783784902131,63998.5,0.01,buy,2026-07-11 15:48:22.131000+00:00
2779442180,1783784902131,63998.5,0.01,buy,2026-07-11 15:48:22.131000+00:00
2779442187,1783784902131,63998.5,0.01,buy,2026-07-11 15:48:22.131000+00:00
2779442194,1783784902131,63998.5,0.05,buy,2026-07-11 15:48:22.131000+00:00
2779442193,1783784902131,63998.5,0.05,buy,2026-07-11 15:48:22.131000+00:00
2779442192,1783784902131,63998.5,0.14,buy,2026-07-11 15:48:22.131000+00:00
2779442191,1783784902131,63998.5,0.01,buy,2026-07-11 15:48:22.131000+00:00
2779442190,1783784902131,63998.5,0.02,buy,2026-07-11 15:48:22.131000+00:00
2779442189,1783784902131,63998.5,0.01,buy,2026-07-11 15:48:22.131000+00:00
2779442188,1783784902131,63998.5,0.01,buy,2026-07-11 15:48:22.131000+00:00
2779442203,1783784902131,63998.5,35.6,buy,2026-07-11 15:48:22.131000+00:00
2779442201,1783784902131,63998.5,38.65,buy,2026-07-11 15:48:22.131000+00:00
2779442202,1783784902131,63998.5,0.66,buy,2026-07-11 15:48:22.131000+00:00
2779442195,1783784902131,63998.5,0.01,buy,2026-07-11 15:48:22.131000+00:00
2779442200,1783784902131,63998.5,64.52,buy,2026-07-11 15:48:22.131000+00:00
2779442223,1783784902131,64000.0,0.01,buy,2026-07-11 15:48:22.131000+00:00
2779442186,1783784902131,63998.5,0.17,buy,2026-07-11 15:48:22.131000+00:00
2779442179,1783784902131,63998.5,23.7,buy,2026-07-11 15:48:22.131000+00:00
2779442184,1783784902131,63998.5,16.0,buy,2026-07-11 15:48:22.131000+00:00
2779442185,1783784902131,63998.5,16.0,buy,2026-07-11 15:48:22.131000+00:00
2779442226,1783784902234,63999.9,2.0,sell,2026-07-11 15:48:22.234000+00:00
2779442228,1783784902388,63999.9,17.23,sell,2026-07-11 15:48:22.388000+00:00
2779442227,1783784902388,63999.9,2.77,sell,2026-07-11 15:48:22.388000+00:00
2779442237,1783784902445,64000.0,29.93,buy,2026-07-11 15:48:22.445000+00:00
2779442231,1783784902445,64000.0,0.01,buy,2026-07-11 15:48:22.445000+00:00
2779442236,1783784902445,64000.0,8.0,buy,2026-07-11 15:48:22.445000+00:00
2779442230,1783784902445,64000.0,4.66,buy,2026-07-11 15:48:22.445000+00:00
2779442232,1783784902445,64000.0,0.01,buy,2026-07-11 15:48:22.445000+00:00
2779442233,1783784902445,64000.0,0.01,buy,2026-07-11 15:48:22.445000+00:00
2779442235,1783784902445,64000.0,16.0,buy,2026-07-11 15:48:22.445000+00:00
2779442234,1783784902445,64000.0,0.01,buy,2026-07-11 15:48:22.445000+00:00
2779442229,1783784902445,64000.0,141.37,buy,2026-07-11 15:48:22.445000+00:00
2779442243,1783784902453,64000.0,0.01,buy,2026-07-11 15:48:22.453000+00:00
2779442242,1783784902453,64000.0,0.01,buy,2026-07-11 15:48:22.453000+00:00
2779442244,1783784902453,64000.1,0.74,buy,2026-07-11 15:48:22.453000+00:00
2779442245,1783784902453,64000.1,0.01,buy,2026-07-11 15:48:22.453000+00:00
2779442240,1783784902453,64000.0,0.02,buy,2026-07-11 15:48:22.453000+00:00
2779442241,1783784902453,64000.0,0.02,buy,2026-07-11 15:48:22.453000+00:00
2779442239,1783784902453,64000.0,0.16,buy,2026-07-11 15:48:22.453000+00:00
2779442238,1783784902453,64000.0,0.02,buy,2026-07-11 15:48:22.453000+00:00
2779442248,1783784902481,64000.3,0.01,buy,2026-07-11 15:48:22.481000+00:00
2779442246,1783784902481,64000.3,0.76,buy,2026-07-11 15:48:22.481000+00:00
2779442247,1783784902481,64000.3,0.01,buy,2026-07-11 15:48:22.481000+00:00
2779442250,1783784902481,64000.5,0.02,buy,2026-07-11 15:48:22.481000+00:00
2779442249,1783784902481,64000.4,0.01,buy,2026-07-11 15:48:22.481000+00:00
2779442255,1783784902493,64001.3,0.01,buy,2026-07-11 15:48:22.493000+00:00
2779442252,1783784902493,64000.6,0.01,buy,2026-07-11 15:48:22.493000+00:00
2779442253,1783784902493,64000.6,0.01,buy,2026-07-11 15:48:22.493000+00:00
2779442254,1783784902493,64001.3,0.02,buy,2026-07-11 15:48:22.493000+00:00
2779442251,1783784902493,64000.6,0.01,buy,2026-07-11 15:48:22.493000+00:00
2779442256,1783784902601,64001.4,3.88,buy,2026-07-11 15:48:22.601000+00:00
2779442261,1783784902716,64001.4,0.39,buy,2026-07-11 15:48:22.716000+00:00
2779442257,1783784902716,64001.4,0.12,buy,2026-07-11 15:48:22.716000+00:00
2779442260,1783784902716,64001.4,0.01,buy,2026-07-11 15:48:22.716000+00:00
2779442258,1783784902716,64001.4,0.01,buy,2026-07-11 15:48:22.716000+00:00
2779442259,1783784902716,64001.4,0.01,buy,2026-07-11 15:48:22.716000+00:00
2779442262,1783784902820,64001.4,0.5,buy,2026-07-11 15:48:22.820000+00:00
2779442263,1783784903263,64001.4,2.65,buy,2026-07-11 15:48:23.263000+00:00
2779442265,1783784903278,64001.4,4.22,buy,2026-07-11 15:48:23.278000+00:00
2779442264,1783784903278,64001.4,0.46,buy,2026-07-11 15:48:23.278000+00:00
2779442266,1783784903638,64001.4,0.15,buy,2026-07-11 15:48:23.638000+00:00
2779442267,1783784903782,64001.3,14.45,sell,2026-07-11 15:48:23.782000+00:00
2779444057,1783784954837,64013.5,0.01,buy,2026-07-11 15:49:14.837000+00:00
2779444056,1783784954837,64013.1,0.17,buy,2026-07-11 15:49:14.837000+00:00
2779444055,1783784954837,64013.0,0.01,buy,2026-07-11 15:49:14.837000+00:00
2779444054,1783784954837,64012.9,0.01,buy,2026-07-11 15:49:14.837000+00:00
2779444062,1783784954838,64013.9,0.01,buy,2026-07-11 15:49:14.838000+00:00
2779444060,1783784954838,64013.9,0.4,buy,2026-07-11 15:49:14.838000+00:00
2779444059,1783784954838,64013.9,0.01,buy,2026-07-11 15:49:14.838000+00:00
2779444058,1783784954838,64013.9,0.01,buy,2026-07-11 15:49:14.838000+00:00
2779444061,1783784954838,64013.9,0.01,buy,2026-07-11 15:49:14.838000+00:00
2779444076,1783784954839,64016.0,0.01,buy,2026-07-11 15:49:14.839000+00:00
2779444077,1783784954839,64016.1,0.15,buy,2026-07-11 15:49:14.839000+00:00
2779444074,1783784954839,64016.0,0.01,buy,2026-07-11 15:49:14.839000+00:00
2779444075,1783784954839,64016.0,0.01,buy,2026-07-11 15:49:14.839000+00:00
2779444073,1783784954839,64015.7,0.01,buy,2026-07-11 15:49:14.839000+00:00
2779444078,1783784954839,64016.3,0.01,buy,2026-07-11 15:49:14.839000+00:00
2779444072,1783784954839,64015.5,0.01,buy,2026-07-11 15:49:14.839000+00:00
2779444066,1783784954839,64014.8,0.01,buy,2026-07-11 15:49:14.839000+00:00
2779444067,1783784954839,64015.0,0.01,buy,2026-07-11 15:49:14.839000+00:00
2779444064,1783784954839,64014.2,0.01,buy,2026-07-11 15:49:14.839000+00:00
2779444065,1783784954839,64014.7,0.01,buy,2026-07-11 15:49:14.839000+00:00
2779444069,1783784954839,64015.0,0.02,buy,2026-07-11 15:49:14.839000+00:00
2779444068,1783784954839,64015.0,0.02,buy,2026-07-11 15:49:14.839000+00:00
2779444071,1783784954839,64015.3,0.01,buy,2026-07-11 15:49:14.839000+00:00
2779444079,1783784954839,64016.4,0.01,buy,2026-07-11 15:49:14.839000+00:00
2779444063,1783784954839,64014.0,3.07,buy,2026-07-11 15:49:14.839000+00:00
2779444070,1783784954839,64015.0,0.02,buy,2026-07-11 15:49:14.839000+00:00
2779444080,1783784954842,64016.5,0.01,buy,2026-07-11 15:49:14.842000+00:00
2779444086,1783784954847,64016.7,0.01,buy,2026-07-11 15:49:14.847000+00:00
2779444087,1783784954847,64017.1,0.06,buy,2026-07-11 15:49:14.847000+00:00
2779444081,1783784954847,64016.7,0.01,buy,2026-07-11 15:49:14.847000+00:00
2779444082,1783784954847,64016.8,0.01,buy,2026-07-11 15:49:14.847000+00:00
2779444083,1783784954847,64017.0,0.01,buy,2026-07-11 15:49:14.847000+00:00
2779444084,1783784954847,64017.1,0.06,buy,2026-07-11 15:49:14.847000+00:00
2779444085,1783784954847,64017.1,0.09,buy,2026-07-11 15:49:14.847000+00:00
2779444088,1783784954848,64017.1,0.06,buy,2026-07-11 15:49:14.848000+00:00
2779444089,1783784954850,64017.1,0.04,buy,2026-07-11 15:49:14.850000+00:00
2779444095,1783784954884,64019.2,0.01,buy,2026-07-11 15:49:14.884000+00:00
2779444093,1783784954884,64018.3,0.01,buy,2026-07-11 15:49:14.884000+00:00
2779444092,1783784954884,64018.1,0.01,buy,2026-07-11 15:49:14.884000+00:00
2779444090,1783784954884,64017.3,1.83,buy,2026-07-11 15:49:14.884000+00:00
2779444096,1783784954884,64019.8,0.08,buy,2026-07-11 15:49:14.884000+00:00
2779444094,1783784954884,64018.6,0.01,buy,2026-07-11 15:49:14.884000+00:00
2779444091,1783784954884,64017.3,0.4,buy,2026-07-11 15:49:14.884000+00:00
2779444099,1783784954886,64019.8,0.12,buy,2026-07-11 15:49:14.886000+00:00
2779444097,1783784954886,64019.8,0.23,buy,2026-07-11 15:49:14.886000+00:00
2779444098,1783784954886,64019.8,0.23,buy,2026-07-11 15:49:14.886000+00:00
2779444100,1783784954886,64019.8,0.03,buy,2026-07-11 15:49:14.886000+00:00
2779444101,1783784955034,64019.7,6.67,sell,2026-07-11 15:49:15.034000+00:00
2779444125,1783784955260,64019.8,0.32,buy,2026-07-11 15:49:15.260000+00:00
2779444124,1783784955260,64019.8,0.01,buy,2026-07-11 15:49:15.260000+00:00
2779444123,1783784955260,64019.8,40.44,buy,2026-07-11 15:49:15.260000+00:00
2779444126,1783784955260,64019.8,4.0,buy,2026-07-11 15:49:15.260000+00:00
2779444142,1783784955260,64019.9,46.4,buy,2026-07-11 15:49:15.260000+00:00
2779444127,1783784955260,64019.8,8.0,buy,2026-07-11 15:49:15.260000+00:00
2779444128,1783784955260,64019.8,0.12,buy,2026-07-11 15:49:15.260000+00:00
2779444129,1783784955260,64019.8,0.01,buy,2026-07-11 15:49:15.260000+00:00
2779444130,1783784955260,64019.8,31.24,buy,2026-07-11 15:49:15.260000+00:00
2779444131,1783784955260,64019.8,0.01,buy,2026-07-11 15:49:15.260000+00:00
2779444132,1783784955260,64019.8,9.38,buy,2026-07-11 15:49:15.260000+00:00
2779444133,1783784955260,64019.8,0.33,buy,2026-07-11 15:49:15.260000+00:00
2779444141,1783784955260,64019.9,0.01,buy,2026-07-11 15:49:15.260000+00:00
2779444140,1783784955260,64019.9,0.01,buy,2026-07-11 15:49:15.260000+00:00
2779444139,1783784955260,64019.8,8.43,buy,2026-07-11 15:49:15.260000+00:00
2779444138,1783784955260,64019.8,9.4,buy,2026-07-11 15:49:15.260000+00:00
2779444137,1783784955260,64019.8,8.0,buy,2026-07-11 15:49:15.260000+00:00
2779444136,1783784955260,64019.8,4.0,buy,2026-07-11 15:49:15.260000+00:00
2779444135,1783784955260,64019.8,0.02,buy,2026-07-11 15:49:15.260000+00:00
2779444134,1783784955260,64019.8,0.02,buy,2026-07-11 15:49:15.260000+00:00
2779444122,1783784955260,64019.8,38.65,buy,2026-07-11 15:49:15.260000+00:00
2779444116,1783784955260,64019.8,87.12,buy,2026-07-11 15:49:15.260000+00:00
2779444115,1783784955260,64019.8,0.01,buy,2026-07-11 15:49:15.260000+00:00
2779444114,1783784955260,64019.8,64.52,buy,2026-07-11 15:49:15.260000+00:00
2779444113,1783784955260,64019.8,8.0,buy,2026-07-11 15:49:15.260000+00:00
2779444112,1783784955260,64019.8,16.0,buy,2026-07-11 15:49:15.260000+00:00
2779444111,1783784955260,64019.8,0.01,buy,2026-07-11 15:49:15.260000+00:00
2779444102,1783784955260,64019.8,6.4,buy,2026-07-11 15:49:15.260000+00:00
2779444117,1783784955260,64019.8,0.01,buy,2026-07-11 15:49:15.260000+00:00
2779444103,1783784955260,64019.8,0.01,buy,2026-07-11 15:49:15.260000+00:00
2779444104,1783784955260,64019.8,0.01,buy,2026-07-11 15:49:15.260000+00:00
2779444105,1783784955260,64019.8,36.01,buy,2026-07-11 15:49:15.260000+00:00
2779444118,1783784955260,64019.8,28.35,buy,2026-07-11 15:49:15.260000+00:00
2779444119,1783784955260,64019.8,0.13,buy,2026-07-11 15:49:15.260000+00:00
2779444120,1783784955260,64019.8,0.01,buy,2026-07-11 15:49:15.260000+00:00
2779444121,1783784955260,64019.8,16.8,buy,2026-07-11 15:49:15.260000+00:00
2779444109,1783784955260,64019.8,0.4,buy,2026-07-11 15:49:15.260000+00:00
2779444108,1783784955260,64019.8,0.01,buy,2026-07-11 15:49:15.260000+00:00
2779444107,1783784955260,64019.8,0.01,buy,2026-07-11 15:49:15.260000+00:00
2779444106,1783784955260,64019.8,21.36,buy,2026-07-11 15:49:15.260000+00:00
2779444110,1783784955260,64019.8,26.03,buy,2026-07-11 15:49:15.260000+00:00
2779444143,1783784955331,64019.9,3.12,buy,2026-07-11 15:49:15.331000+00:00
2779444144,1783784955373,64019.8,0.04,sell,2026-07-11 15:49:15.373000+00:00
2779444145,1783784955380,64019.9,78.12,buy,2026-07-11 15:49:15.380000+00:00
2779444146,1783784955528,64019.9,1.29,buy,2026-07-11 15:49:15.528000+00:00
2779444147,1783784955564,64019.8,0.16,sell,2026-07-11 15:49:15.564000+00:00
2779444150,1783784955893,64019.9,0.01,buy,2026-07-11 15:49:15.893000+00:00
2779444148,1783784955893,64019.9,0.01,buy,2026-07-11 15:49:15.893000+00:00
2779444149,1783784955893,64019.9,0.01,buy,2026-07-11 15:49:15.893000+00:00
2779444152,1783784955893,64019.9,0.01,buy,2026-07-11 15:49:15.893000+00:00
2779444151,1783784955893,64019.9,0.01,buy,2026-07-11 15:49:15.893000+00:00
2779444153,1783784955913,64019.8,0.09,sell,2026-07-11 15:49:15.913000+00:00
2779447931,1783785025616,64008.3,0.4,sell,2026-07-11 15:50:25.616000+00:00
2779447932,1783785025616,64008.3,0.01,sell,2026-07-11 15:50:25.616000+00:00
2779447933,1783785025616,64008.3,0.01,sell,2026-07-11 15:50:25.616000+00:00
2779447927,1783785025616,64008.3,0.01,sell,2026-07-11 15:50:25.616000+00:00
2779447930,1783785025616,64008.3,0.01,sell,2026-07-11 15:50:25.616000+00:00
2779447929,1783785025616,64008.3,0.01,sell,2026-07-11 15:50:25.616000+00:00
2779447928,1783785025616,64008.3,0.01,sell,2026-07-11 15:50:25.616000+00:00
2779447939,1783785025616,64008.2,0.01,sell,2026-07-11 15:50:25.616000+00:00
2779447935,1783785025616,64008.3,0.01,sell,2026-07-11 15:50:25.616000+00:00
2779447936,1783785025616,64008.3,0.01,sell,2026-07-11 15:50:25.616000+00:00
2779447937,1783785025616,64008.3,0.01,sell,2026-07-11 15:50:25.616000+00:00
2779447934,1783785025616,64008.3,0.01,sell,2026-07-11 15:50:25.616000+00:00
2779447938,1783785025616,64008.3,0.02,sell,2026-07-11 15:50:25.616000+00:00
2779447948,1783785025617,64007.9,0.01,sell,2026-07-11 15:50:25.617000+00:00
2779447947,1783785025617,64007.9,0.01,sell,2026-07-11 15:50:25.617000+00:00
2779447944,1783785025617,64007.9,0.05,sell,2026-07-11 15:50:25.617000+00:00
2779447945,1783785025617,64007.9,0.01,sell,2026-07-11 15:50:25.617000+00:00
2779447940,1783785025617,64008.1,0.03,sell,2026-07-11 15:50:25.617000+00:00
2779447942,1783785025617,64008.0,0.01,sell,2026-07-11 15:50:25.617000+00:00
2779447941,1783785025617,64008.1,0.01,sell,2026-07-11 15:50:25.617000+00:00
2779447943,1783785025617,64008.0,0.01,sell,2026-07-11 15:50:25.617000+00:00
2779447946,1783785025617,64007.9,0.05,sell,2026-07-11 15:50:25.617000+00:00
2779447966,1783785025620,64006.5,0.59,sell,2026-07-11 15:50:25.620000+00:00
2779447965,1783785025620,64006.5,0.01,sell,2026-07-11 15:50:25.620000+00:00
2779447949,1783785025620,64007.8,0.01,sell,2026-07-11 15:50:25.620000+00:00
2779447950,1783785025620,64007.7,0.21,sell,2026-07-11 15:50:25.620000+00:00
2779447964,1783785025620,64006.5,0.02,sell,2026-07-11 15:50:25.620000+00:00
2779447963,1783785025620,64006.7,0.01,sell,2026-07-11 15:50:25.620000+00:00
2779447958,1783785025620,64007.0,0.03,sell,2026-07-11 15:50:25.620000+00:00
2779447957,1783785025620,64007.0,0.01,sell,2026-07-11 15:50:25.620000+00:00
2779447960,1783785025620,64006.9,0.01,sell,2026-07-11 15:50:25.620000+00:00
2779447959,1783785025620,64006.9,0.03,sell,2026-07-11 15:50:25.620000+00:00
2779447951,1783785025620,64007.6,0.02,sell,2026-07-11 15:50:25.620000+00:00
2779447952,1783785025620,64007.5,0.02,sell,2026-07-11 15:50:25.620000+00:00
2779447954,1783785025620,64007.5,0.02,sell,2026-07-11 15:50:25.620000+00:00
2779447953,1783785025620,64007.5,0.06,sell,2026-07-11 15:50:25.620000+00:00
2779447961,1783785025620,64006.8,0.01,sell,2026-07-11 15:50:25.620000+00:00
2779447962,1783785025620,64006.8,0.78,sell,2026-07-11 15:50:25.620000+00:00
2779447956,1783785025620,64007.0,0.02,sell,2026-07-11 15:50:25.620000+00:00
2779447955,1783785025620,64007.2,0.01,sell,2026-07-11 15:50:25.620000+00:00
2779447967,1783785025621,64006.5,1.28,sell,2026-07-11 15:50:25.621000+00:00
2779447968,1783785025735,64006.4,0.01,sell,2026-07-11 15:50:25.735000+00:00
2779447970,1783785025735,64006.4,0.01,sell,2026-07-11 15:50:25.735000+00:00
2779447969,1783785025735,64006.4,10.0,sell,2026-07-11 15:50:25.735000+00:00
2779447974,1783785025735,64006.4,4.41,sell,2026-07-11 15:50:25.735000+00:00
2779447973,1783785025735,64006.4,0.4,sell,2026-07-11 15:50:25.735000+00:00
2779447972,1783785025735,64006.4,0.11,sell,2026-07-11 15:50:25.735000+00:00
2779447971,1783785025735,64006.4,0.01,sell,2026-07-11 15:50:25.735000+00:00
2779447975,1783785025738,64006.4,0.31,sell,2026-07-11 15:50:25.738000+00:00
2779447992,1783785025747,64005.3,0.01,sell,2026-07-11 15:50:25.747000+00:00
2779447994,1783785025747,64005.1,1.0,sell,2026-07-11 15:50:25.747000+00:00
2779447999,1783785025747,64004.8,0.01,sell,2026-07-11 15:50:25.747000+00:00
2779447993,1783785025747,64005.2,0.01,sell,2026-07-11 15:50:25.747000+00:00
2779447995,1783785025747,64005.0,0.2,sell,2026-07-11 15:50:25.747000+00:00
2779447997,1783785025747,64005.0,0.1,sell,2026-07-11 15:50:25.747000+00:00
2779447996,1783785025747,64005.0,0.01,sell,2026-07-11 15:50:25.747000+00:00
2779448003,1783785025747,64004.5,0.02,sell,2026-07-11 15:50:25.747000+00:00
2779448005,1783785025747,64004.5,1.7,sell,2026-07-11 15:50:25.747000+00:00
2779448004,1783785025747,64004.5,1.7,sell,2026-07-11 15:50:25.747000+00:00
2779447983,1783785025747,64006.0,0.02,sell,2026-07-11 15:50:25.747000+00:00
2779447998,1783785025747,64004.9,0.01,sell,2026-07-11 15:50:25.747000+00:00
2779448002,1783785025747,64004.5,0.01,sell,2026-07-11 15:50:25.747000+00:00
2779448000,1783785025747,64004.7,0.02,sell,2026-07-11 15:50:25.747000+00:00
2779448001,1783785025747,64004.5,0.01,sell,2026-07-11 15:50:25.747000+00:00
2779447979,1783785025747,64006.4,0.01,sell,2026-07-11 15:50:25.747000+00:00
2779447980,1783785025747,64006.4,0.01,sell,2026-07-11 15:50:25.747000+00:00
2779447981,1783785025747,64006.3,0.01,sell,2026-07-11 15:50:25.747000+00:00
2779447982,1783785025747,64006.1,0.11,sell,2026-07-11 15:50:25.747000+00:00
2779447990,1783785025747,64005.6,0.01,sell,2026-07-11 15:50:25.747000+00:00
2779447978,1783785025747,64006.4,0.01,sell,2026-07-11 15:50:25.747000+00:00
2779447977,1783785025747,64006.4,0.01,sell,2026-07-11 15:50:25.747000+00:00
2779447976,1783785025747,64006.4,0.01,sell,2026-07-11 15:50:25.747000+00:00
2779447986,1783785025747,64005.9,0.01,sell,2026-07-11 15:50:25.747000+00:00
2779447985,1783785025747,64005.9,0.03,sell,2026-07-11 15:50:25.747000+00:00
2779447984,1783785025747,64006.0,0.01,sell,2026-07-11 15:50:25.747000+00:00
2779447991,1783785025747,64005.4,0.01,sell,2026-07-11 15:50:25.747000+00:00
2779447988,1783785025747,64005.7,0.01,sell,2026-07-11 15:50:25.747000+00:00
2779447989,1783785025747,64005.6,0.03,sell,2026-07-11 15:50:25.747000+00:00
2779447987,1783785025747,64005.7,0.01,sell,2026-07-11 15:50:25.747000+00:00
2779448006,1783785025757,64004.6,0.05,buy,2026-07-11 15:50:25.757000+00:00
2779448007,1783785026077,64004.6,81.23,buy,2026-07-11 15:50:26.077000+00:00
2779448008,1783785026077,64004.6,45.05,buy,2026-07-11 15:50:26.077000+00:00
2779448009,1783785026077,64004.6,47.72,buy,2026-07-11 15:50:26.077000+00:00
2779448010,1783785026077,64004.6,25.49,buy,2026-07-11 15:50:26.077000+00:00
2779448011,1783785026572,64004.6,0.16,buy,2026-07-11 15:50:26.572000+00:00
2779448012,1783785026572,64004.6,0.01,buy,2026-07-11 15:50:26.572000+00:00
2779448013,1783785026572,64004.6,0.01,buy,2026-07-11 15:50:26.572000+00:00
2779448014,1783785026572,64004.6,0.02,buy,2026-07-11 15:50:26.572000+00:00
2779448015,1783785026758,64004.5,45.99,sell,2026-07-11 15:50:26.758000+00:00
2779448016,1783785026758,64004.5,48.44,sell,2026-07-11 15:50:26.758000+00:00
2779448017,1783785026758,64004.5,0.01,sell,2026-07-11 15:50:26.758000+00:00
2779448018,1783785026758,64004.5,5.56,sell,2026-07-11 15:50:26.758000+00:00
2779448019,1783785026988,64004.5,0.12,sell,2026-07-11 15:50:26.988000+00:00
2779448020,1783785027104,64004.6,0.05,buy,2026-07-11 15:50:27.104000+00:00
2779448021,1783785027143,64004.5,2.32,sell,2026-07-11 15:50:27.143000+00:00
2779448022,1783785027230,64004.5,14.79,sell,2026-07-11 15:50:27.230000+00:00
2779448023,1783785027269,64004.6,0.22,buy,2026-07-11 15:50:27.269000+00:00
2779448024,1783785027640,64004.5,4.9,sell,2026-07-11 15:50:27.640000+00:00
2779448025,1783785028320,64004.6,9.04,buy,2026-07-11 15:50:28.320000+00:00
2779448026,1783785028510,64004.6,0.2,buy,2026-07-11 15:50:28.510000+00:00
2779606677,1783795680433,64318.1,0.01,buy,2026-07-11 18:48:00.433000+00:00
2779606704,1783795680727,64318.0,0.01,sell,2026-07-11 18:48:00.727000+00:00
2779606694,1783795680727,64318.1,7.45,sell,2026-07-11 18:48:00.727000+00:00
2779606695,1783795680727,64318.1,30.0,sell,2026-07-11 18:48:00.727000+00:00
2779606696,1783795680727,64318.1,0.01,sell,2026-07-11 18:48:00.727000+00:00
2779606680,1783795680727,64318.1,14.6,sell,2026-07-11 18:48:00.727000+00:00
2779606679,1783795680727,64318.1,10.01,sell,2026-07-11 18:48:00.727000+00:00
2779606693,1783795680727,64318.1,2.0,sell,2026-07-11 18:48:00.727000+00:00
2779606681,1783795680727,64318.1,9.82,sell,2026-07-11 18:48:00.727000+00:00
2779606682,1783795680727,64318.1,29.9,sell,2026-07-11 18:48:00.727000+00:00
2779606683,1783795680727,64318.1,0.1,sell,2026-07-11 18:48:00.727000+00:00
2779606684,1783795680727,64318.1,1.56,sell,2026-07-11 18:48:00.727000+00:00
2779606685,1783795680727,64318.1,0.8,sell,2026-07-11 18:48:00.727000+00:00
2779606686,1783795680727,64318.1,18.29,sell,2026-07-11 18:48:00.727000+00:00
2779606687,1783795680727,64318.1,30.53,sell,2026-07-11 18:48:00.727000+00:00
2779606678,1783795680727,64318.1,36.57,sell,2026-07-11 18:48:00.727000+00:00
2779606700,1783795680727,64318.1,0.01,sell,2026-07-11 18:48:00.727000+00:00
2779606703,1783795680727,64318.0,0.01,sell,2026-07-11 18:48:00.727000+00:00
2779606702,1783795680727,64318.0,0.01,sell,2026-07-11 18:48:00.727000+00:00
2779606701,1783795680727,64318.1,0.33,sell,2026-07-11 18:48:00.727000+00:00
2779606692,1783795680727,64318.1,2.22,sell,2026-07-11 18:48:00.727000+00:00
2779606691,1783795680727,64318.1,2.22,sell,2026-07-11 18:48:00.727000+00:00
2779606690,1783795680727,64318.1,2.86,sell,2026-07-11 18:48:00.727000+00:00
2779606689,1783795680727,64318.1,1.86,sell,2026-07-11 18:48:00.727000+00:00
2779606698,1783795680727,64318.1,0.01,sell,2026-07-11 18:48:00.727000+00:00
2779606699,1783795680727,64318.1,2.9,sell,2026-07-11 18:48:00.727000+00:00
2779606697,1783795680727,64318.1,0.01,sell,2026-07-11 18:48:00.727000+00:00
2779606688,1783795680727,64318.1,2.34,sell,2026-07-11 18:48:00.727000+00:00
2779606710,1783795680728,64315.7,0.01,sell,2026-07-11 18:48:00.728000+00:00
2779606709,1783795680728,64315.9,0.01,sell,2026-07-11 18:48:00.728000+00:00
2779606705,1783795680728,64316.8,0.01,sell,2026-07-11 18:48:00.728000+00:00
2779606706,1783795680728,64316.6,0.01,sell,2026-07-11 18:48:00.728000+00:00
2779606707,1783795680728,64316.0,0.01,sell,2026-07-11 18:48:00.728000+00:00
2779606708,1783795680728,64316.0,0.01,sell,2026-07-11 18:48:00.728000+00:00
2779606714,1783795680729,64315.1,0.01,sell,2026-07-11 18:48:00.729000+00:00
2779606713,1783795680729,64315.1,0.01,sell,2026-07-11 18:48:00.729000+00:00
2779606717,1783795680729,64315.1,0.02,sell,2026-07-11 18:48:00.729000+00:00
2779606718,1783795680729,64315.1,3.05,sell,2026-07-11 18:48:00.729000+00:00
2779606715,1783795680729,64315.1,0.56,sell,2026-07-11 18:48:00.729000+00:00
2779606716,1783795680729,64315.1,2.52,sell,2026-07-11 18:48:00.729000+00:00
2779606719,1783795680729,64315.1,0.14,sell,2026-07-11 18:48:00.729000+00:00
2779606720,1783795680729,64315.1,1.0,sell,2026-07-11 18:48:00.729000+00:00
2779606722,1783795680729,64314.8,0.01,sell,2026-07-11 18:48:00.729000+00:00
2779606721,1783795680729,64315.0,0.01,sell,2026-07-11 18:48:00.729000+00:00
2779606712,1783795680729,64315.2,0.01,sell,2026-07-11 18:48:00.729000+00:00
2779606711,1783795680729,64315.2,0.01,sell,2026-07-11 18:48:00.729000+00:00
2779606727,1783795680730,64314.0,0.03,sell,2026-07-11 18:48:00.730000+00:00
2779606730,1783795680730,64313.8,0.01,sell,2026-07-11 18:48:00.730000+00:00
2779606728,1783795680730,64314.0,0.77,sell,2026-07-11 18:48:00.730000+00:00
2779606725,1783795680730,64314.1,0.01,sell,2026-07-11 18:48:00.730000+00:00
2779606726,1783795680730,64314.0,0.01,sell,2026-07-11 18:48:00.730000+00:00
2779606723,1783795680730,64314.2,0.01,sell,2026-07-11 18:48:00.730000+00:00
2779606731,1783795680730,64313.6,0.01,sell,2026-07-11 18:48:00.730000+00:00
2779606729,1783795680730,64313.9,0.15,sell,2026-07-11 18:48:00.730000+00:00
2779606724,1783795680730,64314.1,0.01,sell,2026-07-11 18:48:00.730000+00:00
2779606735,1783795680731,64313.0,0.01,sell,2026-07-11 18:48:00.731000+00:00
2779606734,1783795680731,64313.0,0.01,sell,2026-07-11 18:48:00.731000+00:00
2779606733,1783795680731,64313.0,0.01,sell,2026-07-11 18:48:00.731000+00:00
2779606732,1783795680731,64313.1,0.15,sell,2026-07-11 18:48:00.731000+00:00
2779606738,1783795680734,64312.7,0.01,sell,2026-07-11 18:48:00.734000+00:00
2779606736,1783795680734,64312.9,0.01,sell,2026-07-11 18:48:00.734000+00:00
2779606737,1783795680734,64312.8,0.01,sell,2026-07-11 18:48:00.734000+00:00
2779606739,1783795680734,64312.6,0.01,sell,2026-07-11 18:48:00.734000+00:00
2779606747,1783795680737,64311.3,0.01,sell,2026-07-11 18:48:00.737000+00:00
2779606740,1783795680737,64312.4,0.01,sell,2026-07-11 18:48:00.737000+00:00
2779606745,1783795680737,64312.0,0.01,sell,2026-07-11 18:48:00.737000+00:00
2779606746,1783795680737,64311.9,0.01,sell,2026-07-11 18:48:00.737000+00:00
2779606741,1783795680737,64312.4,0.01,sell,2026-07-11 18:48:00.737000+00:00
2779606742,1783795680737,64312.2,0.01,sell,2026-07-11 18:48:00.737000+00:00
2779606744,1783795680737,64312.0,0.01,sell,2026-07-11 18:48:00.737000+00:00
2779606743,1783795680737,64312.1,0.01,sell,2026-07-11 18:48:00.737000+00:00
2779606752,1783795680740,64310.4,0.01,sell,2026-07-11 18:48:00.740000+00:00
2779606754,1783795680740,64309.9,0.01,sell,2026-07-11 18:48:00.740000+00:00
2779606755,1783795680740,64309.9,0.01,sell,2026-07-11 18:48:00.740000+00:00
2779606753,1783795680740,64310.0,0.01,sell,2026-07-11 18:48:00.740000+00:00
2779606749,1783795680740,64311.1,0.01,sell,2026-07-11 18:48:00.740000+00:00
2779606751,1783795680740,64310.4,0.01,sell,2026-07-11 18:48:00.740000+00:00
2779606750,1783795680740,64310.5,0.5,sell,2026-07-11 18:48:00.740000+00:00
2779606748,1783795680740,64311.2,0.01,sell,2026-07-11 18:48:00.740000+00:00
2779606759,1783795680743,64308.6,0.01,sell,2026-07-11 18:48:00.743000+00:00
2779606757,1783795680743,64308.6,0.01,sell,2026-07-11 18:48:00.743000+00:00
2779606756,1783795680743,64309.5,0.01,sell,2026-07-11 18:48:00.743000+00:00
2779606758,1783795680743,64308.6,0.22,sell,2026-07-11 18:48:00.743000+00:00
2779606761,1783795680744,64308.0,0.03,sell,2026-07-11 18:48:00.744000+00:00
2779606762,1783795680744,64307.7,0.01,sell,2026-07-11 18:48:00.744000+00:00
2779606760,1783795680744,64308.0,0.01,sell,2026-07-11 18:48:00.744000+00:00
2779606765,1783795680746,64306.7,0.03,sell,2026-07-11 18:48:00.746000+00:00
2779606763,1783795680746,64307.2,0.01,sell,2026-07-11 18:48:00.746000+00:00
2779606764,1783795680746,64306.8,0.01,sell,2026-07-11 18:48:00.746000+00:00
2779606767,1783795681522,64306.4,0.02,sell,2026-07-11 18:48:01.522000+00:00
2779606766,1783795681522,64306.4,0.01,sell,2026-07-11 18:48:01.522000+00:00
2779606768,1783795681639,64306.5,0.11,buy,2026-07-11 18:48:01.639000+00:00
2779606769,1783795681936,64306.5,0.11,buy,2026-07-11 18:48:01.936000+00:00
2779606770,1783795683091,64306.4,0.06,sell,2026-07-11 18:48:03.091000+00:00
2779606771,1783795683180,64306.4,0.01,sell,2026-07-11 18:48:03.180000+00:00
2779606772,1783795684553,64306.5,1.11,buy,2026-07-11 18:48:04.553000+00:00
2779606773,1783795685727,64306.4,0.03,sell,2026-07-11 18:48:05.727000+00:00
2779606774,1783795686359,64306.5,0.03,buy,2026-07-11 18:48:06.359000+00:00
2779606775,1783795686603,64306.5,4.57,buy,2026-07-11 18:48:06.603000+00:00
2779606776,1783795686872,64306.4,0.03,sell,2026-07-11 18:48:06.872000+00:00
